SiteID;SiteCode;SiteName;Longitude;Latitude;Elevation;Elevation_DEM;Elevation_FonteDati;Regione;COD_RETE
9011;08ALBARETO;ALBARETO;9.69845;44.44688;513;NA;513;Emilia;15
9012;08ALBARETOAGRO;ALBARETOAGRO;10.95149;44.58726;43;NA;43;Emilia;15
9013;08ALFONSINE;ALFONSINE;12.0445;44.49303;7;NA;7;Emilia;15
9014;08ANTOGNANO;ANTOGNANO;10.19889;44.7;285;NA;285;Emilia;15
9015;08ANZOLAEMILIA;ANZOLAEMILIA;11.19651;44.55209;36;NA;36;Emilia;15
9016;08ARCELLO;ARCELLO;9.40146;44.91322;366;NA;366;Emilia;15
9017;08ARCOVEGGIO;ARCOVEGGIO;11.34823;44.54029;36;NA;36;Emilia;15
9018;08ARIANO;ARIANO;12.12245;44.94304;2;NA;2;Emilia;15
9019;08ASTACACASTIGLIO;ASTACACASTIGLIO;10.46915;44.3007;1064;NA;1064;Emilia;15
9020;08BAGANZOLA;BAGANZOLA;10.31889;44.85001;41;NA;41;Emilia;15
9021;08BAGNACAVALLO;BAGNACAVALLO;11.97556;44.41695;10;NA;10;Emilia;15
9022;08BAGNODIPIANO;BAGNODIPIANO;11.27233;44.66545;25;NA;25;Emilia;15
9023;08BAGNOROMAGNA;BAGNOROMAGNA;11.96187;43.83659;523;NA;523;Emilia;15
9024;08BAISO;BAISO;10.60569;44.49908;504;NA;504;Emilia;15
9025;08BALLONE;BALLONE;10.1075;44.47195;790;NA;790;Emilia;15
9026;08BANDO;BANDO;11.90478;44.63348;1;NA;1;Emilia;15
9027;08BANNONE;BANNONE;10.36611;44.65723;169;NA;169;Emilia;15
9028;08BANZOLA;BANZOLA;10.15472;44.68556;282;NA;282;Emilia;15
9029;08BARBIANO;BARBIANO;10.23581;44.66738;323;NA;323;Emilia;15
9030;08BARDI;BARDI;9.73281;44.6338;661;NA;661;Emilia;15
9031;08BARDICENTRALE;BARDICENTRALE;9.70956;44.61329;473;NA;473;Emilia;15
9032;08BARIGAZZO;BARIGAZZO;10.65222;44.26667;1369;NA;1369;Emilia;15
9033;08BASILICAGOIANO;BASILICAGOIANO;10.40556;44.70442;112;NA;112;Emilia;15
9034;08BAURA;BAURA;11.72015;44.8485;6;NA;6;Emilia;15
9035;08BAZZANO;BAZZANO;11.08399;44.50845;76;NA;76;Emilia;15
9036;08BEDONIA;BEDONIA;9.62672;44.50747;527;NA;527;Emilia;15
9037;08BEDUZZO;BEDUZZO;10.16914;44.53403;435;NA;435;Emilia;15
9038;08BENEDELLOCANTON;BENEDELLOCANTON;10.86889;44.36666;520;NA;520;Emilia;15
9039;08BENVIGNANTE;BENVIGNANTE;11.75596;44.66807;1;NA;1;Emilia;15
9040;08BERCETO;BERCETO;9.98299;44.51049;731;NA;731;Emilia;15
9041;08BERRA;BERRA;11.99771;44.9788;2;NA;2;Emilia;15
9042;08BETTOLA;BETTOLA;9.63361;44.79552;601;NA;601;Emilia;15
9043;08BEVILACQUA;BEVILACQUA;11.90738;44.71814;1;NA;1;Emilia;15
9044;08BOBBIANO;BOBBIANO;9.49014;44.87678;507;NA;507;Emilia;15
9045;08BOBBIO;BOBBIO;9.38367;44.75512;364;NA;364;Emilia;15
9046;08BOCCOLONOCE;BOCCOLONOCE;9.63578;44.68404;810;NA;810;Emilia;15
9047;08BOGLI;BOGLI;9.21889;44.63334;854;NA;854;Emilia;15
9048;08BOLOGNASLUCA;BOLOGNASLUCA;11.29834;44.47872;203;NA;203;Emilia;15
9049;08BOLOGNAUFFID;BOLOGNAUFFID;11.34614;44.4999;45;NA;45;Emilia;15
9050;08BOLOGNAURB;BOLOGNAURB;11.3392;44.48741;73;NA;73;Emilia;15
9051;08BOMBIANA;BOMBIANA;10.97365;44.21439;778;NA;778;Emilia;15
9052;08BORE;BORE;9.78828;44.71423;758;NA;758;Emilia;15
9053;08BORETTO;BORETTO;10.56027;44.90601;21;NA;21;Emilia;15
9054;08BORGONOVOVT;BORGONOVOVT;9.44333;45.01727;106;NA;106;Emilia;15
9055;08BORGOTARO;BORGOTARO;9.84203;44.5142;435;NA;435;Emilia;15
9056;08BORGOTOSSIGIDRO;BORGOTOSSIGIDRO;11.57897;44.27468;157;NA;157;Emilia;15
9057;08BORGOTOSSIGNANO;BORGOTOSSIGNANO;11.5935;44.28316;136;NA;136;Emilia;15
9058;08BOSCHIAVETO;BOSCHIAVETO;9.41993;44.58591;757;NA;757;Emilia;15
9059;08BOSCHIDIBARDONE;BOSCHIDIBARDONE;10.0858;44.63404;480;NA;480;Emilia;15
9060;08BOSCHIDICARREGA;BOSCHIDICARREGA;10.20671;44.72342;190;NA;190;Emilia;15
9061;08BOSCOCENTRALE;BOSCOCENTRALE;10.04389;44.44473;860;NA;860;Emilia;15
9062;08BOSCOCORNIGLIO;BOSCOCORNIGLIO;10.03351;44.43902;849;NA;849;Emilia;15
9063;08BOVAJA;BOVAJA;10.18556;44.65001;287;NA;287;Emilia;15
9064;08BRASIMONEDIGA;BRASIMONEDIGA;11.11776;44.12909;956;NA;956;Emilia;15
9065;08BRISIGHELLA;BRISIGHELLA;11.77549;44.22289;85;NA;85;Emilia;15
9066;08BRISIGHELLAAGRO;BRISIGHELLAAGRO;11.75186;44.21658;198;NA;198;Emilia;15
9067;08BUSSETO;BUSSETO;10.0358;44.98405;40;NA;40;Emilia;15
9068;08CABORTOLANI;CABORTOLANI;11.08453;44.34682;603;NA;603;Emilia;15
9069;08CADECAROLI;CADECAROLI;10.67687;44.5955;101;NA;101;Emilia;15
9070;08CAFRAGNAORATOR;CAFRAGNAORATOR;10.16913;44.68404;248;NA;248;Emilia;15
9071;08CALDERARARENO;CALDERARARENO;11.27214;44.56613;31;NA;31;Emilia;15
9072;08CALESTANO;CALESTANO;10.1245;44.60593;400;NA;400;Emilia;15
9073;08CAMPEGINE;CAMPEGINE;10.53582;44.78404;30;NA;30;Emilia;15
9074;08CAMPELLIVIGOLO;CAMPELLIVIGOLO;9.6336;44.79552;601;NA;601;Emilia;15
9075;08CAMPIGNA;CAMPIGNA;11.74716;43.87222;1034;NA;1034;Emilia;15
9076;08CAMPORASASSO;CAMPORASASSO;10.27553;44.52124;644;NA;644;Emilia;15
9077;08CAMSEAGRO;CAMSEAGRO;12.07735;44.60018;3;NA;3;Emilia;15
9078;08CANOSSA;CANOSSA;10.4658;44.5659;471;NA;471;Emilia;15
9079;08CANOVA;CANOVA;10.30195;44.41445;775;NA;775;Emilia;15
9080;08CARENO;CARENO;9.91889;44.71667;583;NA;583;Emilia;15
9081;08CARPI;CARPI;10.86923;44.76356;27;NA;27;Emilia;15
9082;08CARPINETI;CARPINETI;10.49533;44.4679;580;NA;580;Emilia;15
9083;08CARPINETIAGRO;CARPINETIAGRO;10.5039;44.47007;541;NA;541;Emilia;15
9084;08CARZETO;CARZETO;10.43556;44.93333;24;NA;24;Emilia;15
9085;08CASALECCHIOCANA;CASALECCHIOCANA;11.28108;44.47564;62;NA;62;Emilia;15
9086;08CASALECCHIOCANO;CASALECCHIOCANO;11.2881;44.48789;66;NA;66;Emilia;15
9087;08CASALECCHIOVOLO;CASALECCHIOVOLO;11.28205;44.48024;62;NA;62;Emilia;15
9088;08CASALEVALTARO;CASALEVALTARO;9.56889;44.45;708;NA;708;Emilia;15
9089;08CASALPORINO;CASALPORINO;9.54736;44.52713;873;NA;873;Emilia;15
9090;08CASANOVAMARZOLA;CASANOVAMARZOLA;10.2;44.63139;552;NA;552;Emilia;15
9091;08CASANUOVA;CASANUOVA;10.18331;44.70859;189;NA;189;Emilia;15
9092;08CASANUOVASVITAL;CASANUOVASVITAL;10.18556;44.66667;293;NA;293;Emilia;15
9093;08CASAROLA;CASAROLA;10.10222;44.43334;934;NA;934;Emilia;15
9094;08CASASELVATICA;CASASELVATICA;10.03562;44.54783;901;NA;901;Emilia;15
9095;08CASEBONINI;CASEBONINI;9.77584;44.75199;372;NA;372;Emilia;15
9096;08CASONI;CASONI;9.48068;44.43753;814;NA;814;Emilia;15
9097;08CASONIROMAGNA;CASONIROMAGNA;11.42533;44.25362;663;NA;663;Emilia;15
9098;08CASSANO;CASSANO;9.61889;44.83334;403;NA;403;Emilia;15
9099;08CASSIMORENO;CASSIMORENO;9.57932;44.63618;869;NA;869;Emilia;15
9100;08CASSIO;CASSIO;10.0358;44.58404;865;NA;865;Emilia;15
9101;08CASTELDELRIO;CASTELDELRIO;11.50489;44.2112;214;NA;214;Emilia;15
9102;08CASTELLANA;CASTELLANA;9.73639;44.81111;336;NA;336;Emilia;15
9103;08CASTELLANAGROP;CASTELLANAGROP;9.73578;44.80072;327;NA;327;Emilia;15
9104;08CASTELLARANO;CASTELLARANO;10.71864;44.49811;183;NA;183;Emilia;15
9105;08CASTELLARQUATO;CASTELLARQUATO;9.86912;44.85071;163;NA;163;Emilia;15
9106;08CASTELNOVOAGRO;CASTELNOVOAGRO;10.57222;44.83374;24;NA;24;Emilia;15
9107;08CASTELNOVOMONTI;CASTELNOVOMONTI;10.39469;44.43489;709;NA;709;Emilia;15
9108;08CASTELNUOVORANG;CASTELNUOVORANG;10.93268;44.54131;92;NA;92;Emilia;15
9109;08CASTELSPIETRO;CASTELSPIETRO;11.58838;44.38104;88;NA;88;Emilia;15
9110;08CASTFRANCOAGRO;CASTFRANCOAGRO;11.02171;44.62874;33;NA;33;Emilia;15
9111;08CASTIONEMARCH;CASTIONEMARCH;10.03555;44.91667;52;NA;52;Emilia;15
9112;08CASTROCARO;CASTROCARO;11.94938;44.17014;70;NA;70;Emilia;15
9113;08CASTSPIETROAGRO;CASTSPIETROAGRO;11.59036;44.40475;65;NA;65;Emilia;15
9114;08CATTOLICATELE;CATTOLICATELE;12.73278;43.95537;14;NA;14;Emilia;15
9115;08CAVEZZO;CAVEZZO;11.00392;44.86304;19;NA;19;Emilia;15
9116;08CAVRIAGOARGO;CAVRIAGOARGO;10.50506;44.68524;96;NA;96;Emilia;15
9117;08CERESETO;CERESETO;9.68578;44.56738;632;NA;632;Emilia;15
9118;08CERRETOLAGHI;CERRETOLAGHI;10.23856;44.29874;1402;NA;1402;Emilia;15
9119;08CERVIA;CERVIA;12.31891;44.27249;2;NA;2;Emilia;15
9120;08CESENA;CESENA;12.21848;44.14397;34;NA;34;Emilia;15
9121;08CESENATICO;CESENATICO;12.39741;44.20713;1;NA;1;Emilia;15
9122;08CESENAURB;CESENAURB;12.236510000000001;44.13509;39;NA;39;Emilia;15
9123;08CHIAVICHETTA;CHIAVICHETTA;11.26889;44.88334;10;NA;10;Emilia;15
9124;08CIVAGO;CIVAGO;10.46578;44.24718;1159;NA;1159;Emilia;15
9125;08CIVITELLA;CIVITELLA;11.94528;43.99351;460;NA;460;Emilia;15
9126;08CLASSE;CLASSE;12.26498;44.35339;2;NA;2;Emilia;15
9127;08CODIGORO;CODIGORO;12.09771;44.83513;2;NA;2;Emilia;15
9128;08COGNENTO;COGNENTO;10.87902;44.63994;39;NA;39;Emilia;15
9129;08COLLAGNA;COLLAGNA;10.27118;44.34477;829;NA;829;Emilia;15
9130;08COLLECCHIO;COLLECCHIO;10.22401;44.74477;123;NA;123;Emilia;15
9131;08COPPAROAGRO;COPPAROAGRO;11.81817;44.90775;4;NA;4;Emilia;15
9132;08CORCAGNANO;CORCAGNANO;10.30248;44.71738;122;NA;122;Emilia;15
9133;08CORNACERVINA;CORNACERVINA;11.92131;44.77753;2;NA;2;Emilia;15
9134;08CORNIOLO;CORNIOLO;11.79302;43.90712;568;NA;568;Emilia;15
9135;08CORNOLO;CORNOLO;9.5513;44.56572;1095;NA;1095;Emilia;15
9136;08CORREGGIOAGRO;CORREGGIOAGRO;10.76922;44.7374;35;NA;35;Emilia;15
9137;08COSCOGNO;COSCOGNO;10.86917;44.40071;361;NA;361;Emilia;15
9138;08COTTEDE;COTTEDE;11.16929;44.10963;838;NA;838;Emilia;15
9139;08COTTEDEMEC;COTTEDEMEC;11.16929;44.10963;838;NA;838;Emilia;15
9140;08CROCEDEIMORTI;CROCEDEIMORTI;10.41889;44.83333;31;NA;31;Emilia;15
9141;08CUCCARANGONA;CUCCARANGONA;11.33556;44.95;10;NA;10;Emilia;15
9142;08CUSERCOLIAGRO;CUSERCOLIAGRO;11.97452;44.03625;320;NA;320;Emilia;15
9143;08DENEREALEOTTI;DENEREALEOTTI;11.8438;44.78279;2;NA;2;Emilia;15
9144;08DOCCIAFIUMALBO;DOCCIAFIUMALBO;10.67309;44.19014;1386;NA;1386;Emilia;15
9145;08DOSSO;DOSSO;11.34976;44.7642;16;NA;16;Emilia;15
9146;08FAENZA;FAENZA;11.88623;44.29127;34;NA;34;Emilia;15
9147;08FARFANARO;FARFANARO;9.6795;44.5667;736;NA;736;Emilia;15
9148;08FARINI;FARINI;9.56964;44.71213;453;NA;453;Emilia;15
9149;08FARNETA;FARNETA;10.57012;44.34988;611;NA;611;Emilia;15
9150;08FARNETACLE;FARNETACLE;10.56916;44.35071;611;NA;611;Emilia;15
9151;08FEBBIO;FEBBIO;10.42748;44.29794;1133;NA;1133;Emilia;15
9152;08FELEGARA;FELEGARA;10.11913;44.71738;119;NA;119;Emilia;15
9153;08FELLICAROLO;FELLICAROLO;10.75251;44.18403;920;NA;920;Emilia;15
9154;08FERRARA;FERRARA;11.62098;44.83242;9;NA;9;Emilia;15
9155;08FERRARAURB;FERRARAURB;11.61818;44.82441;9;NA;9;Emilia;15
9156;08FIDENZA;FIDENZA;10.04909;44.86985;76;NA;76;Emilia;15
9157;08FINALEEMILAGRO;FINALEEMILAGRO;11.284;44.83907;14;NA;14;Emilia;15
9158;08FINALEEMILIA;FINALEEMILIA;11.28376;44.83976;14;NA;14;Emilia;15
9159;08FIORENZUOLA;FIORENZUOLA;9.88225;44.91653;88;NA;88;Emilia;15
9160;08FIUMALBO;FIUMALBO;10.64903;44.17936;979;NA;979;Emilia;15
9161;08FONTANALUCCIA;FONTANALUCCIA;10.51528;44.27889;766;NA;766;Emilia;15
9162;08FORLI;FORLI;12.05551;44.21859;29;NA;29;Emilia;15
9163;08FORLIURB;FORLIURB;12.04086;44.21942;32;NA;32;Emilia;15
9164;08FORMIGINE;FORMIGINE;10.84303;44.57225;84;NA;84;Emilia;15
9165;08FORMIGINEAGRO;FORMIGINEAGRO;10.90421;44.54874;99;NA;99;Emilia;15
9166;08FRASSINETO;FRASSINETO;9.58505;44.58159;857;NA;857;Emilia;15
9167;08FRASSINORO;FRASSINORO;10.57564;44.29576;1001;NA;1001;Emilia;15
9168;08GABELLINA;GABELLINA;10.23556;44.31667;949;NA;949;Emilia;15
9169;08GAIATE;GAIATE;10.85251;44.28403;641;NA;641;Emilia;15
9170;08GAINAGOAGRO;GAINAGOAGRO;10.37389;44.88274;30;NA;30;Emilia;15
9171;08GRAMMATICA;GRAMMATICA;10.09287;44.43827;852;NA;852;Emilia;15
9172;08GRANAROLOAGRO;GRANAROLOAGRO;11.95435;44.35409;17;NA;17;Emilia;15
9173;08GRONDONE;GRONDONE;9.45222;44.66667;1106;NA;1106;Emilia;15
9174;08GROPPALLO;GROPPALLO;9.59686;44.69536;913;NA;913;Emilia;15
9175;08GROPPARELLO;GROPPARELLO;9.72548;44.82512;335;NA;335;Emilia;15
9176;08GROTTA;GROTTA;9.91912;44.78405;479;NA;479;Emilia;15
9177;08GUAGNINO;GUAGNINO;12.21159;44.68842;3;NA;3;Emilia;15
9178;08GUARDASONE;GUARDASONE;10.40222;44.63334;173;NA;173;Emilia;15
9179;08GUASTALLA;GUASTALLA;10.65222;44.91667;22;NA;22;Emilia;15
9180;08GUIGLIA;GUIGLIA;10.99241;44.4325;387;NA;387;Emilia;15
9181;08GUIGLIAAGRARIA;GUIGLIAAGRARIA;10.96918;44.41738;378;NA;378;Emilia;15
9182;08IDROVORAFOSSOGH;IDROVORAFOSSOGH;12.25264;44.35462;2;NA;2;Emilia;15
9183;08IMOLA;IMOLA;11.71264;44.34583;44;NA;44;Emilia;15
9184;08IMOLAMNERIAGRO;IMOLAMNERIAGRO;11.75013;44.33351;54;NA;54;Emilia;15
9185;08INVASO;INVASO;11.22251;44.22757;476;NA;476;Emilia;15
9186;08ISOLAPALANZANO;ISOLAPALANZANO;10.16215;44.42838;655;NA;655;Emilia;15
9187;08ISOLASERAFINI;ISOLASERAFINI;9.90222;45.1;39;NA;39;Emilia;15
9188;08ISOLASERAFTINAZ;ISOLASERAFTINAZ;9.93;45.1;34;NA;34;Emilia;15
9189;08JOLANDADISAVOIA;JOLANDADISAVOIA;11.9766;44.88649;1;NA;1;Emilia;15
9190;08LACOSTAMAIATICO;LACOSTAMAIATICO;10.20083;44.70362;249;NA;249;Emilia;15
9191;08LAGDEI;LAGDEI;10.00852;44.4123;1315;NA;1315;Emilia;15
9192;08LAGOBALLANO;LAGOBALLANO;10.10205;44.3695;1255;NA;1255;Emilia;15
9193;08LAGOCERRETANO;LAGOCERRETANO;10.23556;44.3;1287;NA;1287;Emilia;15
9194;08LAGOPRATIGNANO;LAGOPRATIGNANO;10.81778;44.17741;1242;NA;1242;Emilia;15
9195;08LAMAMOCOGNO;LAMAMOCOGNO;10.73556;44.31667;845;NA;845;Emilia;15
9196;08LANGHIRANO;LANGHIRANO;10.26108;44.60415;269;NA;269;Emilia;15
9197;08LASTELLA;LASTELLA;10.4907;44.52992;677;NA;677;Emilia;15
9198;08LAVEZZOLAAGRO;LAVEZZOLAAGRO;11.83851;44.55625;7;NA;7;Emilia;15
9199;08LETAVERNE;LETAVERNE;11.58748;44.24924;422;NA;422;Emilia;15
9200;08LIGONCHIO;LIGONCHIO;10.34466;44.31683;803;NA;803;Emilia;15
9201;08LIZZANOBELVEDER;LIZZANOBELVEDER;10.89126;44.16513;698;NA;698;Emilia;15
9202;08LOIANOAGRO;LOIANOAGRO;11.32846;44.261;687;NA;687;Emilia;15
9203;08LOSSO;LOSSO;9.30833;44.66084;629;NA;629;Emilia;15
9204;08LUGODIROMAGNA;LUGODIROMAGNA;11.9133;44.41773;12;NA;12;Emilia;15
9205;08MADONNAFORNELLI;MADONNAFORNELLI;11.25679;44.21572;849;NA;849;Emilia;15
9206;08MALALBERGO;MALALBERGO;11.52905;44.71847;13;NA;13;Emilia;15
9207;08MALBORGHETTAGRO;MALBORGHETTAGRO;11.65678;44.85768;7;NA;7;Emilia;15
9208;08MARANO;MARANO;10.97195;44.45723;141;NA;141;Emilia;15
9209;08MARETO;MARETO;9.50222;44.7;947;NA;947;Emilia;15
9210;08MARINADIRAVENNA;MARINADIRAVENNA;12.28385;44.49094;NA;NA;NA;Emilia;15
9211;08MAROLA;MAROLA;10.48582;44.48404;720;NA;720;Emilia;15
9212;08MARRA;MARRA;10.04744;44.47344;670;NA;670;Emilia;15
9213;08MARTINELLA;MARTINELLA;11.88432;44.71141;5;NA;5;Emilia;15
9214;08MARTORANOAGRO;MARTORANOAGRO;12.26792;44.16545;24;NA;24;Emilia;15
9215;08MELDOLAPLUVIO;MELDOLAPLUVIO;12.06064;44.13466;56;NA;56;Emilia;15
9216;08MEZZOLARAAGRO;MEZZOLARAAGRO;11.53219;44.56725;18;NA;18;Emilia;15
9217;08MIGNANODIGA;MIGNANODIGA;9.80334;44.77068;420;NA;420;Emilia;15
9218;08MIRABELLOAGRO;MIRABELLOAGRO;11.45119;44.82375;14;NA;14;Emilia;15
9219;08MIRANDOLA;MIRANDOLA;11.08556;44.86667;21;NA;21;Emilia;15
9220;08MIRANDOLAAGRO;MIRANDOLAAGRO;11.00854;44.88308;18;NA;18;Emilia;15
9221;08MODENABURANA;MODENABURANA;10.93584;44.65071;33;NA;33;Emilia;15
9222;08MODENAGIARDINO;MODENAGIARDINO;10.93584;44.65071;33;NA;33;Emilia;15
9223;08MODENAISA;MODENAISA;10.9343;44.64802;33;NA;33;Emilia;15
9224;08MODENAURB;MODENAURB;10.91571;44.65191;35;NA;35;Emilia;15
9225;08MODIGLIANA;MODIGLIANA;11.79617;44.15559;240;NA;240;Emilia;15
9226;08MODIGLIANAAGRO;MODIGLIANAAGRO;11.80352;44.11692;496;NA;496;Emilia;15
9227;08MOLATODIGA;MOLATODIGA;9.28802;44.90789;401;NA;401;Emilia;15
9228;08MONDINE;MONDINE;10.95132;44.9324;19;NA;19;Emilia;15
9229;08MONGHIDORO;MONGHIDORO;11.32336;44.21423;809;NA;809;Emilia;15
9230;08MONTEACUTOALPI;MONTEACUTOALPI;10.88739;44.13639;828;NA;828;Emilia;15
9231;08MONTEACUTOVALLE;MONTEACUTOVALLE;11.20693;44.24192;573;NA;573;Emilia;15
9232;08MONTEALBANO;MONTEALBANO;11.67393;44.22577;385;NA;385;Emilia;15
9233;08MONTECATONE;MONTECATONE;11.6363;44.34602;168;NA;168;Emilia;15
9234;08MONTECIMONE;MONTECIMONE;10.70134;44.19905;1889;NA;1889;Emilia;15
9235;08MONTECOLOMBO;MONTECOLOMBO;12.55341;43.92012;250;NA;250;Emilia;15
9236;08MONTECORONCINA;MONTECORONCINA;11.18455;44.11088;1089;NA;1089;Emilia;15
9237;08MONTEFIORINAGRO;MONTEFIORINAGRO;10.61923;44.32174;603;NA;603;Emilia;15
9238;08MONTEGROPPO;MONTEGROPPO;9.68637;44.4188;670;NA;670;Emilia;15
9239;08MONTEIOTTONEMEC;MONTEIOTTONEMEC;12.16343;43.99147;364;NA;364;Emilia;15
9240;08MONTEOMBRARO;MONTEOMBRARO;11.0049;44.37943;684;NA;684;Emilia;15
9241;08MONTEOMBRAROTEL;MONTEOMBRAROTEL;11.00873;44.37634;650;NA;650;Emilia;15
9242;08MONTESANTO;MONTESANTO;11.74832;44.71177;3;NA;3;Emilia;15
9243;08MONTESE;MONTESE;10.94203;44.27693;830;NA;830;Emilia;15
9244;08MONTESPIETRO;MONTESPIETRO;11.13634;44.43793;249;NA;249;Emilia;15
9245;08MONTESPIETROTEL;MONTESPIETROTEL;11.13835;44.44032;249;NA;249;Emilia;15
9246;08MONTESTEFANO;MONTESTEFANO;10.63466;44.34905;499;NA;499;Emilia;15
9247;08MONTEVEGLIOABB;MONTEVEGLIOABB;11.09141;44.46883;202;NA;202;Emilia;15
9248;08MONZUNO;MONZUNO;11.27351;44.27663;587;NA;587;Emilia;15
9249;08MORCIANOAGRO;MORCIANOAGRO;12.63833;43.90593;114;NA;114;Emilia;15
9250;08MORFASSO;MORFASSO;9.7025;44.72334;640;NA;640;Emilia;15
9251;08MORMOROLA;MORMOROLA;9.88651;44.56882;550;NA;550;Emilia;15
9252;08MULAZZANOAGRO;MULAZZANOAGRO;12.63833;43.90593;114;NA;114;Emilia;15
9253;08MUSIARASUP;MUSIARASUP;10.17833;44.49855;943;NA;943;Emilia;15
9254;08NEVIANOARDUINI;NEVIANOARDUINI;10.31375;44.58339;511;NA;511;Emilia;15
9255;08NEVIANOROSSI;NEVIANOROSSI;10.15583;44.66667;316;NA;316;Emilia;15
9256;08NIRONEDIGA;NIRONEDIGA;10.21914;44.4007;689;NA;689;Emilia;15
9257;08NOCETO;NOCETO;10.16944;44.80848;77;NA;77;Emilia;15
9258;08NOCIVEGLIA;NOCIVEGLIA;9.61001;44.54712;929;NA;929;Emilia;15
9259;08NONANTOLA;NONANTOLA;11.03555;44.68333;25;NA;25;Emilia;15
9260;08NOVEGLIA;NOVEGLIA;9.76681;44.59271;675;NA;675;Emilia;15
9261;08NOVELLARASIRONA;NOVELLARASIRONA;10.7025;44.86739;19;NA;19;Emilia;15
9262;08ONGINA;ONGINA;10.05222;45.03333;35;NA;35;Emilia;15
9263;08OSPITALETTO;OSPITALETTO;10.31666;44.29697;1272;NA;1272;Emilia;15
9264;08OSTELLATOAGRO;OSTELLATOAGRO;11.88668;44.70242;5;NA;5;Emilia;15
9265;08OSTIAPARMENSE;OSTIAPARMENSE;9.84203;44.5142;435;NA;435;Emilia;15
9266;08OTTAVELLO;OTTAVELLO;9.61889;44.95;115;NA;115;Emilia;15
9267;08OTTONE;OTTONE;9.335;44.62306;682;NA;682;Emilia;15
9268;08OZOLADIGA;OZOLADIGA;10.36861;44.2875;1518;NA;1518;Emilia;15
9269;08PADULLEBOAGRO;PADULLEBOAGRO;11.28637;44.62141;25;NA;25;Emilia;15
9270;08PALANTONEOPERA;PALANTONEOPERA;11.42595;44.92074;10;NA;10;Emilia;15
9271;08PANNOCCHIAAGRO;PANNOCCHIAAGRO;10.29676;44.68489;163;NA;163;Emilia;15
9272;08PARMAUFFIDROGR;PARMAUFFIDROGR;10.33029;44.80807;49;NA;49;Emilia;15
9273;08PARMAUNIVERSITA;PARMAUNIVERSITA;10.315;44.80457;55;NA;55;Emilia;15
9274;08PARMAURB;PARMAURB;10.32173;44.79906;59;NA;59;Emilia;15
9275;08PASSODEIROSSI;PASSODEIROSSI;11.20133;44.93241;11;NA;11;Emilia;15
9276;08PAVANADIGA;PAVANADIGA;11.00554;44.11828;467;NA;467;Emilia;15
9277;08PAVULLO;PAVULLO;10.82824;44.31958;687;NA;687;Emilia;15
9278;08PAZZANO;PAZZANO;10.81917;44.43404;509;NA;509;Emilia;15
9279;08PECORARA;PECORARA;9.38445;44.87639;589;NA;589;Emilia;15
9280;08PELLEGRINO;PELLEGRINO;9.93466;44.7272;487;NA;487;Emilia;15
9281;08PERINO;PERINO;9.49705;44.8187;207;NA;207;Emilia;15
9282;08PETRIGNACOLA;PETRIGNACOLA;10.11889;44.5;520;NA;520;Emilia;15
9283;08PIACENZAURB;PIACENZAURB;9.49718;44.8187;207;NA;207;Emilia;15
9284;08PIANDELAGOTTI;PIANDELAGOTTI;10.51632;44.23714;1228;NA;1228;Emilia;15
9285;08PIANDELFALCO;PIANDELFALCO;10.75222;44.21666;1343;NA;1343;Emilia;15
9286;08PIANELLOVALTIDO;PIANELLOVALTIDO;9.43997;44.96451;154;NA;154;Emilia;15
9287;08PIANORO;PIANORO;11.33988;44.37103;196;NA;196;Emilia;15
9288;08PIEVECUSIGNAGRO;PIEVECUSIGNAGRO;10.03541;44.77323;247;NA;247;Emilia;15
9289;08PIEVEPELAGO;PIEVEPELAGO;10.577209999999999;44.19429;979;NA;979;Emilia;15
9290;08PIONE;PIONE;9.63397;44.61948;775;NA;775;Emilia;15
9291;08PIZZOLESE;PIZZOLESE;10.35222;44.86666;34;NA;34;Emilia;15
9292;08POLINAGO;POLINAGO;10.72975;44.34366;741;NA;741;Emilia;15
9293;08PONTEBACCHELLO;PONTEBACCHELLO;10.98732;44.74756;31;NA;31;Emilia;15
9294;08PONTECAVOLA;PONTECAVOLA;10.52278;44.4094;408;NA;408;Emilia;15
9295;08PONTELAGOSCURO;PONTELAGOSCURO;11.60465;44.88707;7;NA;7;Emilia;15
9296;08PONTEPIETRA;PONTEPIETRA;10.88466;44.86573;19;NA;19;Emilia;15
9297;08PONTESAMONE;PONTESAMONE;10.92272;44.35664;249;NA;249;Emilia;15
9298;08PONTETESTA;PONTETESTA;10.78583;44.88405;19;NA;19;Emilia;15
9299;08PONTEVERUCCHIO;PONTEVERUCCHIO;12.4058;43.98106;130;NA;130;Emilia;15
9300;08PONTICELLI;PONTICELLI;10.93466;44.81573;21;NA;21;Emilia;15
9301;08PORCIGATONE;PORCIGATONE;9.75245;44.51738;658;NA;658;Emilia;15
9302;08PORRETTATERME;PORRETTATERME;10.97209;44.16649;383;NA;383;Emilia;15
9303;08POVIGLIO;POVIGLIO;10.53777;44.84187;27;NA;27;Emilia;15
9304;08PRADOVERA;PRADOVERA;9.48577;44.73404;915;NA;915;Emilia;15
9305;08PREDAPPIO;PREDAPPIO;11.9806;44.10835;125;NA;125;Emilia;15
9306;08PREDOLO;PREDOLO;10.44675;44.48444;706;NA;706;Emilia;15
9307;08PRELERNA;PRELERNA;9.95222;44.61666;546;NA;546;Emilia;15
9308;08PREMILCUORE;PREMILCUORE;11.77909;43.97943;508;NA;508;Emilia;15
9309;08PRIGNANO;PRIGNANO;10.68466;44.43239;388;NA;388;Emilia;15
9310;08PRUGNOLO;PRUGNOLO;11.49455;44.39;247;NA;247;Emilia;15
9311;08PRUGNOLOTELE;PRUGNOLOTELE;11.49455;44.39;247;NA;247;Emilia;15
9312;08QUARTODIGA;QUARTODIGA;12.08636;43.89069;387;NA;387;Emilia;15
9313;08QUATTROCASTELLA;QUATTROCASTELLA;10.47424;44.63329;158;NA;158;Emilia;15
9314;08RAMIOLA;RAMIOLA;10.09231;44.69726;137;NA;137;Emilia;15
9315;08RAMISETO;RAMISETO;10.27559;44.41146;790;NA;790;Emilia;15
9316;08RAVARINO;RAVARINO;11.10133;44.71573;23;NA;23;Emilia;15
9317;08RAVENNAURB;RAVENNAURB;12.19867;44.40709;4;NA;4;Emilia;15
9318;08REDAFAENZAAGRO;REDAFAENZAAGRO;11.91951;44.27025;36;NA;36;Emilia;15
9319;08REGGIOEMILIA;REGGIOEMILIA;10.63466;44.69906;57;NA;57;Emilia;15
9320;08REGGIOEMILIAURB;REGGIOEMILIAURB;10.63239;44.69007;59;NA;59;Emilia;15
9321;08REGNANO;REGNANO;10.56915;44.56738;435;NA;435;Emilia;15
9322;08REGNANOCABERT;REGNANOCABERT;10.58583;44.56738;421;NA;421;Emilia;15
9323;08REZZANO;REZZANO;9.78578;44.86739;172;NA;172;Emilia;15
9324;08RIFUGBARGETANA;RIFUGBARGETANA;10.39827;44.26103;1656;NA;1656;Emilia;15
9325;08RIGLIO;RIGLIO;9.67557;44.81917;348;NA;348;Emilia;15
9326;08RIMAGNA;RIMAGNA;10.1358;44.38404;1186;NA;1186;Emilia;15
9327;08RIOLADIVERGATO;RIOLADIVERGATO;11.05589;44.22888;294;NA;294;Emilia;15
9328;08RIOLOTERME;RIOLOTERME;11.72415;44.27424;78;NA;78;Emilia;15
9329;08ROCCACORNETA;ROCCACORNETA;10.86889;44.2;705;NA;705;Emilia;15
9330;08ROCCAPREBALZA;ROCCAPREBALZA;9.95222;44.53334;612;NA;612;Emilia;15
9331;08ROCCASCASCIANO2;ROCCASCASCIANO2;11.84195;44.05349;310;NA;310;Emilia;15
9332;08ROCCHETTA;ROCCHETTA;10.83556;44.25;610;NA;610;Emilia;15
9333;08ROLADISPILAMBER;ROLADISPILAMBER;10.96889;44.51667;106;NA;106;Emilia;15
9334;08RONCHETTI;RONCHETTI;10.25222;44.90001;37;NA;37;Emilia;15
9335;08RONCOVETRO;RONCOVETRO;10.38134;44.51771;582;NA;582;Emilia;15
9336;08RUSTEGHINI;RUSTEGHINI;9.72282;44.70232;771;NA;771;Emilia;15
9337;08S_ANNAPELAGO;S_ANNAPELAGO;10.55132;44.18238;1120;NA;1120;Emilia;15
9338;08S_BENEDETTOQUER;S_BENEDETTOQUER;11.48579;44.25307;331;NA;331;Emilia;15
9339;08S_CLEMENTE;S_CLEMENTE;11.49063;44.31917;208;NA;208;Emilia;15
9340;08S_FELICEPANARO;S_FELICEPANARO;11.13639;44.83334;19;NA;19;Emilia;15
9341;08S_GIORGIOPIAC;S_GIORGIOPIAC;9.73639;44.95;101;NA;101;Emilia;15
9342;08S_LAZZAROALB;S_LAZZAROALB;9.72488;45.03506;53;NA;53;Emilia;15
9343;08S_MARIADELTARO;S_MARIADELTARO;9.495;44.43333;854;NA;854;Emilia;15
9344;08S_MARTINOINRIO;S_MARTINOINRIO;10.78466;44.7324;36;NA;36;Emilia;15
9345;08S_MARTINOSINZAN;S_MARTINOSINZAN;10.25222;44.75;107;NA;107;Emilia;15
9346;08S_MICHELECLE;S_MICHELECLE;10.62618;44.19471;886;NA;886;Emilia;15
9347;08S_RUFFINO;S_RUFFINO;10.70222;44.58334;124;NA;124;Emilia;15
9348;08S_VALENTINO;S_VALENTINO;10.69918;44.52373;303;NA;303;Emilia;15
9349;08S_VENANZIO;S_VENANZIO;10.85251;44.50071;227;NA;227;Emilia;15
9350;08SAGATABOAGRO;SAGATABOAGRO;11.13887;44.68841;21;NA;21;Emilia;15
9351;08SAGATASANTEAGRO;SAGATASANTEAGRO;11.86551;44.44042;14;NA;14;Emilia;15
9352;08SAIARINO;SAIARINO;11.81263;44.62252;11;NA;11;Emilia;15
9353;08SALABAGANZA;SALABAGANZA;10.23782;44.72676;142;NA;142;Emilia;15
9354;08SALSOMAGGIORE;SALSOMAGGIORE;9.99123;44.81902;161;NA;161;Emilia;15
9355;08SALSOMINORE;SALSOMINORE;9.40533;44.63272;562;NA;562;Emilia;15
9356;08SALUDECIO;SALUDECIO;12.6686;43.87207;272;NA;272;Emilia;15
9357;08SANTONIOAGRO;SANTONIOAGRO;11.72502;44.56591;10;NA;10;Emilia;15
9358;08SARMATO;SARMATO;9.50273;45.084;53;NA;53;Emilia;15
9359;08SASSOMARCONAGRO;SASSOMARCONAGRO;11.23687;44.43508;232;NA;232;Emilia;15
9360;08SASSOMARCONI;SASSOMARCONI;11.24784;44.38152;130;NA;130;Emilia;15
9361;08SASSOMORELAGRO;SASSOMORELAGRO;11.68602;44.40792;39;NA;39;Emilia;15
9362;08SASSOSTORNO;SASSOSTORNO;10.67406;44.25941;1019;NA;1019;Emilia;15
9363;08SASSUOLO;SASSUOLO;10.79563;44.53745;139;NA;139;Emilia;15
9364;08SCANDIANO;SCANDIANO;10.68233;44.59775;101;NA;101;Emilia;15
9365;08SEGADIOSPITALE;SEGADIOSPITALE;10.80251;44.16737;1136;NA;1136;Emilia;15
9366;08SELLARINOVOARPA;SELLARINOVOARPA;11.74001;44.73925;2;NA;2;Emilia;15
9367;08SELVABOCCHETTO;SELVABOCCHETTO;10.00247;44.61738;313;NA;313;Emilia;15
9368;08SELVAFERRIERE;SELVAFERRIERE;9.48242;44.58678;1120;NA;1120;Emilia;15
9369;08SELVANIZZA;SELVANIZZA;10.21111;44.43333;605;NA;605;Emilia;15
9370;08SERRAMAZZONI;SERRAMAZZONI;10.78705;44.42887;763;NA;763;Emilia;15
9371;08SESTOLA;SESTOLA;10.7687;44.23213;1005;NA;1005;Emilia;15
9372;08SETTEFONTIAGRO;SETTEFONTIAGRO;11.46234;44.40239;267;NA;267;Emilia;15
9373;08SETTIMA;SETTIMA;9.65222;44.98333;90;NA;90;Emilia;15
9374;08SFELICEPANAGRO;SFELICEPANAGRO;11.12087;44.8204;16;NA;16;Emilia;15
9375;08SISSA;SISSA;10.23581;44.96739;32;NA;32;Emilia;15
9376;08SNICOLOAGRO;SNICOLOAGRO;9.58592;45.03623;71;NA;71;Emilia;15
9377;08SPANCRAZIOAGRO;SPANCRAZIOAGRO;10.27222;44.80805;56;NA;56;Emilia;15
9378;08SPIETROCAPOAGRO;SPIETROCAPOAGRO;11.62262;44.65379;7;NA;7;Emilia;15
9379;08SPIETROVINCAGRO;SPIETROVINCAGRO;12.15484;44.30659;11;NA;11;Emilia;15
9380;08SPILAMBERTO;SPILAMBERTO;11.03113;44.5337;67;NA;67;Emilia;15
9381;08STAGNO;STAGNO;10.22502;44.99845;31;NA;31;Emilia;15
9382;08STATTO;STATTO;9.58577;44.90071;157;NA;157;Emilia;15
9383;08STRADASANZENO;STRADASANZENO;11.8802;44.02092;310;NA;310;Emilia;15
9384;08STRETTARA;STRETTARA;10.70134;44.24905;972;NA;972;Emilia;15
9385;08STRINABECCO;STRINABECCO;9.48956;44.45084;929;NA;929;Emilia;15
9386;08SUCCISO;SUCCISO;10.19251;44.36345;975;NA;975;Emilia;15
9387;08SUVIANA;SUVIANA;11.04298;44.13445;479;NA;479;Emilia;15
9388;08TAGLIOLE;TAGLIOLE;10.60222;44.16667;1042;NA;1042;Emilia;15
9389;08TARSOGNO;TARSOGNO;9.618;44.4467;801;NA;801;Emilia;15
9390;08TEODORANO;TEODORANO;12.10516;44.08521;263;NA;263;Emilia;15
9391;08TERUZZI;TERUZZI;9.68522;44.69505;1015;NA;1015;Emilia;15
9392;08TERZOCARNAIO;TERZOCARNAIO;11.96078;43.883;646;NA;646;Emilia;15
9393;08TIEDOLIBARCA;TIEDOLIBARCA;9.83579;44.53403;657;NA;657;Emilia;15
9394;08TREDOZIO;TREDOZIO;11.74476;44.08046;415;NA;415;Emilia;15
9395;08VALDENA;VALDENA;9.78418;44.44416;829;NA;829;Emilia;15
9396;08VALLERANO;VALLERANO;10.18581;44.61738;477;NA;477;Emilia;15
9397;08VALLONANUOVA;VALLONANUOVA;12.2104;44.8868;1;NA;1;Emilia;15
9398;08VALMOZZOLA;VALMOZZOLA;9.87695;44.56945;515;NA;515;Emilia;15
9399;08VALSIGIARA;VALSIGIARA;9.33023;44.64018;518;NA;518;Emilia;15
9400;08VARANOMARCHESI;VARANOMARCHESI;10.02361;44.73341;305;NA;305;Emilia;15
9401;08VARANOMELEGARI;VARANOMELEGARI;10.01333;44.68778;212;NA;212;Emilia;15
9402;08VARSI;VARSI;9.82103;44.64944;517;NA;517;Emilia;15
9403;08VEDRIANO;VEDRIANO;10.40222;44.51417;577;NA;577;Emilia;15
9404;08VERGATO;VERGATO;11.11311;44.28781;207;NA;207;Emilia;15
9405;08VERGHERETO;VERGHERETO;12.0044;43.79521;844;NA;844;Emilia;15
9406;08VERGIANOAGRO;VERGIANOAGRO;12.499;44.03226;52;NA;52;Emilia;15
9407;08VETTO;VETTO;10.32931;44.49348;387;NA;387;Emilia;15
9408;08VEZZANO;VEZZANO;10.55;44.6;184;NA;184;Emilia;15
9409;08VIANINO;VIANINO;9.93556;44.68333;314;NA;314;Emilia;15
9410;08VIGATTO;VIGATTO;10.33556;44.71667;113;NA;113;Emilia;15
9411;08VIGNOLAAGRO;VIGNOLAAGRO;11.00372;44.50351;103;NA;103;Emilia;15
9412;08VIGOLOMARCHESI;VIGOLOMARCHESI;9.85153;44.87901;155;NA;155;Emilia;15
9413;08VILLAMASONE;VILLAMASONE;10.71799;44.66573;55;NA;55;Emilia;15
9414;08VILLAMINOZZO;VILLAMINOZZO;10.46002;44.36253;661;NA;661;Emilia;15
9415;08VILLANOVAARAGRO;VILLANOVAARAGRO;10.00174;44.99973;41;NA;41;Emilia;15
9416;08VOLANOAGRO;VOLANOAGRO;12.24903;44.81408;1;NA;1;Emilia;15
9417;08ZERBA;ZERBA;9.28576;44.66738;979;NA;979;Emilia;15
9418;08ZIBELLO;ZIBELLO;10.12608;45.01946;34;NA;34;Emilia;15
9419;08ZIBELLOAGRO;ZIBELLOAGRO;10.16607;45.00224;32;NA;32;Emilia;15
9420;08ZOLAPREDOSAAGRO;ZOLAPREDOSAAGRO;11.1987;44.48924;111;NA;111;Emilia;15
9421;08BAGANZAPTENUOVO;BAGANZAPTENUOVO;10.3212;44.7926;59;NA;59;Emilia;15
9422;08BERCETOBAGANZA;BERCETOBAGANZA;9.9952;44.5063;838;NA;838;Emilia;15
9423;08BOMPORTO;BOMPORTO;11.0471;44.7299;24;NA;24;Emilia;15
9424;08BORELLO;BORELLO;12.1791;44.0535;78;NA;78;Emilia;15
9425;08BORGOFORTE;BORGOFORTE;10.7612;45.0483;18;NA;18;Emilia;15
9426;08BORGOTAROIDRO;BORGOTAROIDRO;9.8443;44.5168;376;NA;376;Emilia;15
9427;08CABANNE;CABANNE;9.3485;44.498;841;NA;841;Emilia;15
9428;08CADELBOSCO;CADELBOSCO;10.5832;44.7816;29;NA;29;Emilia;15
9429;08CALCARA;CALCARA;11.1351;44.5501;46;NA;46;Emilia;15
9430;08CALISESE;CALISESE;12.2981;44.116;38;NA;38;Emilia;15
9431;08CASALECCHIOCHIU;CASALECCHIOCHIU;11.2845;44.4759;173;NA;173;Emilia;15
9432;08CASOLAIDRO;CASOLAIDRO;11.6344;44.2298;213;NA;213;Emilia;15
9433;08CASTELLINASORAG;CASTELLINASORAG;10.1122;44.9189;46;NA;46;Emilia;15
9434;08CASTENASO;CASTENASO;11.4723;44.5102;39;NA;39;Emilia;15
9435;08CIRIANO;CIRIANO;9.8157;44.9116;115;NA;115;Emilia;15
9436;08COCCOLIA;COCCOLIA;12.113;44.3004;13;NA;13;Emilia;15
9437;08COMPIANO;COMPIANO;10.3548;44.5271;313;NA;313;Emilia;15
9438;08CORNIGLIO;CORNIGLIO;10.1016;44.49;580;NA;580;Emilia;15
9439;08CREMONA;CREMONA;9.9968;45.1308;39;NA;39;Emilia;15
9440;08CURRADA;CURRADA;10.3878;44.5484;298;NA;298;Emilia;15
9441;08FANANO;FANANO;10.7996;44.2062;557;NA;557;Emilia;15
9442;08FERRIEREIDRO;FERRIEREIDRO;9.5007;44.6464;658;NA;658;Emilia;15
9443;08FICAROLO;FICAROLO;11.4276;44.9479;9;NA;9;Emilia;15
9444;08FIORENZUOLAIDRO;FIORENZUOLAIDRO;9.9085;44.933;70;NA;70;Emilia;15
9445;08GATTA;GATTA;10.467;44.4053;392;NA;392;Emilia;15
9446;08GATTASECCHIELLO;GATTASECCHIELLO;10.4739;44.4035;392;NA;392;Emilia;15
9447;08GORZANO;GORZANO;10.8831;44.5155;154;NA;154;Emilia;15
9448;08IMOLAIDRO;IMOLAIDRO;11.715;44.3481;44;NA;44;Emilia;15
9449;08LAVINODISOPRA;LAVINODISOPRA;11.2231;44.4935;67;NA;67;Emilia;15
9450;08LONZA;LONZA;10.3274;44.4697;463;NA;463;Emilia;15
9451;08LUGAGNANO;LUGAGNANO;9.8341;44.8226;234;NA;234;Emilia;15
9452;08LUGO;LUGO;10.6558;44.436;250;NA;250;Emilia;15
9453;08MARRADITELE;MARRADITELE;11.616;44.0801;368;NA;368;Emilia;15
9454;08MARZOLARA;MARZOLARA;10.1735;44.6376;315;NA;315;Emilia;15
9455;08MATELLICA;MATELLICA;12.236;44.2347;15;NA;15;Emilia;15
9456;08MELDOLAIDRO;MELDOLAIDRO;12.0637;44.1242;61;NA;61;Emilia;15
9457;08MEZZANO;MEZZANO;12.085;44.4723;8;NA;8;Emilia;15
9458;08MODENANAVIGLIO;MODENANAVIGLIO;10.9497;44.6822;31;NA;31;Emilia;15
9459;08MONTANARO;MONTANARO;9.7994;44.9453;82;NA;82;Emilia;15
9460;08MORCIANO;MORCIANO;12.6438;43.9171;75;NA;75;Emilia;15
9461;08MORDANO;MORDANO;11.8169;44.3965;21;NA;21;Emilia;15
9462;08PANICOCANALE;PANICOCANALE;11.2154;44.3616;140;NA;140;Emilia;15
9463;08PARMAPVERDI;PARMAPVERDI;10.3268;44.8082;49;NA;49;Emilia;15
9464;08PIACENZA;PIACENZA;9.7053;45.0633;45;NA;45;Emilia;15
9465;08PIEVEPELAGOIDRO;PIEVEPELAGOIDRO;10.6323;44.218;867;NA;867;Emilia;15
9466;08PIOPPA;PIOPPA;10.9671;44.8595;22;NA;22;Emilia;15
9467;08PONTEALTO;PONTEALTO;10.9016;44.6724;35;NA;35;Emilia;15
9468;08PONTEBASTIA;PONTEBASTIA;11.8773;44.5801;7;NA;7;Emilia;15
9469;08PONTEBRALDO;PONTEBRALDO;11.9951;44.2655;20;NA;20;Emilia;15
9470;08PONTECENO;PONTECENO;9.6052;44.543;779;NA;779;Emilia;15
9471;08PONTEDOLO;PONTEDOLO;10.6158;44.3765;383;NA;383;Emilia;15
9472;08PONTELAMBERTI;PONTELAMBERTI;9.8143;44.6537;398;NA;398;Emilia;15
9473;08PONTENIBBIANO;PONTENIBBIANO;9.3348;44.9077;305;NA;305;Emilia;15
9474;08PONTETARO;PONTETARO;10.2257;44.8256;57;NA;57;Emilia;15
9475;08PONTEVALSASSO;PONTEVALSASSO;10.821;44.2755;499;NA;499;Emilia;15
9476;08PONTEVICO;PONTEVICO;12.0335;44.3327;16;NA;16;Emilia;15
9477;08PRACCHIA;PRACCHIA;10.9077;44.0568;660;NA;660;Emilia;15
9478;08PRADELLA;PRADELLA;9.7398;44.4777;470;NA;470;Emilia;15
9479;08PREDAPPIOIDRO;PREDAPPIOIDRO;11.9852;44.1077;160;NA;160;Emilia;15
9480;08PUIANELLO;PUIANELLO;10.5699;44.6269;133;NA;133;Emilia;15
9481;08REDA;REDA;11.9449;44.3092;21;NA;21;Emilia;15
9482;08RIMINISTATALE16;RIMINISTATALE16;12.5441;44.0641;10;NA;10;Emilia;15
9483;08RIVALTA;RIVALTA;10.601;44.6582;86;NA;86;Emilia;15
9484;08RIVALTADIFAENZA;RIVALTADIFAENZA;11.8888;44.2445;50;NA;50;Emilia;15
9485;08RIVERGARO;RIVERGARO;9.5842;44.9031;157;NA;157;Emilia;15
9486;08ROSSENNA;ROSSENNA;10.662;44.4372;383;NA;383;Emilia;15
9487;08ROTTOFRENO;ROTTOFRENO;9.5319;45.0594;62;NA;62;Emilia;15
9488;08RUBIERASS9;RUBIERASS9;10.7976;44.6531;50;NA;50;Emilia;15
9489;08SALICETO;SALICETO;9.8691;44.9948;54;NA;54;Emilia;15
9490;08SALSOMAGGIOREID;SALSOMAGGIOREID;9.9872;44.8177;161;NA;161;Emilia;15
9491;08SARNA;SARNA;11.8236;44.2474;61;NA;61;Emilia;15
9492;08SAVIGNANO;SAVIGNANO;12.3984;44.0964;28;NA;28;Emilia;15
9493;08SELVANIZZACEDRA;SELVANIZZACEDRA;10.2379;44.4425;550;NA;550;Emilia;15
9494;08SELVANIZZAENZA;SELVANIZZAENZA;10.2395;44.4407;496;NA;496;Emilia;15
9495;08SERMIDE;SERMIDE;11.2955;45.0175;14;NA;14;Emilia;15
9496;08SESTOIMOLESE;SESTOIMOLESE;11.7381;44.4615;19;NA;19;Emilia;15
9497;08SNARCANGELOTELE;SNARCANGELOTELE;12.4476;44.0588;43;NA;43;Emilia;15
9498;08SNCARLO;SNCARLO;12.2019;44.0937;61;NA;61;Emilia;15
9499;08SNDONNINO;SNDONNINO;10.9644;44.5913;44;NA;44;Emilia;15
9500;08SNGIORGIOPC;SNGIORGIOPC;9.74;44.9675;90;NA;90;Emilia;15
9501;08SNSECONDO;SNSECONDO;10.2562;44.9198;36;NA;36;Emilia;15
9502;08SOLIGNANO;SOLIGNANO;9.9881;44.6183;409;NA;409;Emilia;15
9503;08SORBOLO;SORBOLO;10.4562;44.8467;31;NA;31;Emilia;15
9504;08SPESSA;SPESSA;9.3482;45.1045;58;NA;58;Emilia;15
9505;08STRADACASALE;STRADACASALE;11.7039;44.1879;166;NA;166;Emilia;15
9506;08TOCCALMATTO;TOCCALMATTO;10.1082;44.8856;57;NA;57;Emilia;15
9507;08TORNOLO;TORNOLO;9.6326;44.4943;522;NA;522;Emilia;15
9508;08VARANOIDRO;VARANOIDRO;9.9074;44.6856;339;NA;339;Emilia;15
9509;08ANZOLAGHIRONDA;Ghironda ad Anzola dellEmilia;11.1986;44.5548;36;NA;36;Emilia;15
9510;08BARDIIDRO;Bardi Idro;9.7352;44.6235;403;NA;403;Emilia;15
9511;08BONCONVENTO;Reno a Bonconvento;11.3159;44.612;25;NA;25;Emilia;15
9512;08BONDENO;Panaro a Bondeno;11.4165;44.8857;12;NA;12;Emilia;15
9513;08CADOLFIN;Ca Dolfin;12.4373;44.9386;1;NA;1;Emilia;15
9514;08CAMPOSANTO;Camposanto;11.1369;44.7893;19;NA;19;Emilia;15
9515;08CASALMAGGIORE;Casalmaggiore;10.4219;44.9793;25;NA;25;Emilia;15
9516;08CASONIBOLOGNESE;Savena a Casoni;11.4746;44.6418;12;NA;12;Emilia;15
9517;08CASTELBOLOGNESE;Senio a Castelbolognese;11.8269;44.3128;39;NA;39;Emilia;15
9518;08CASTELMAGGIORE;C.le Navile a Castelmaggiore;11.3684;44.5601;29;NA;29;Emilia;15
9519;08CASTIGLIONE;Savio a Castiglione;12.263;44.2617;3;NA;3;Emilia;15
9520;08CAVENIER;Ca Venier;12.3332;44.9605;1;NA;1;Emilia;15
9521;08CENTO;Reno a Cento;11.2979;44.7239;15;NA;15;Emilia;15
9522;08CODRIGNANO;Santerno a Codrignano;11.618;44.287;80;NA;80;Emilia;15
9523;08FORCELLI;Samoggia a Forcelli;11.2397;44.6247;24;NA;24;Emilia;15
9524;08FORNOVO;Taro a Fornovo;10.0979;44.6982;137;NA;137;Emilia;15
9525;08GALLO;Reno a Gallo Termo e Idro;11.5475;44.7268;13;NA;13;Emilia;15
9526;08LANGHIRANOIDRO;Langhirano Idro;10.276;44.6151;294;NA;294;Emilia;15
9527;08LOIANOSAVENAVAL;Savena a Loiano Ponte Stazione a VALLE;11.2941;44.2709;429;NA;429;Emilia;15
9528;08MESOLA;Po di Goro alla Mesola   Pianura Po-Reno;12.2329;44.9247;2;NA;2;Emilia;15
9529;08NAVICELLO;Navicello;10.9974;44.6727;28;NA;28;Emilia;15
9530;08PANICOMONTE;Reno a Panico Stazione a monte;11.2133;44.3613;140;NA;140;Emilia;15
9531;08PARMAPBOTTEGO;Parma a P.te Bottego;10.3277;44.8118;49;NA;49;Emilia;15
9532;08PIZZOCALVO;Idice a Pizzocalvo;11.4413;44.4518;64;NA;64;Emilia;15
9533;08POLESELLA;PO a Polesella;11.7584;44.9618;6;NA;6;Emilia;15
9534;08PONTEBECCA;Po a Ponte Becca;9.2292;45.1443;62;NA;62;Emilia;15
9535;08PONTECASELLE;Savena a Ponte Caselle;11.4237;44.4866;51;NA;51;Emilia;15
9536;08PONTEVEGGIA;Ponte Veggia;10.7712;44.552;110;NA;110;Emilia;15
9537;08PORRETTA;Fiume Reno a Porretta Terme;10.9794;44.1568;395;NA;395;Emilia;15
9538;08PORTOTOLLE;Porto Tolle;12.3053;44.9509;1;NA;1;Emilia;15
9539;08SALETTO;Reno - SAVENA a Saletto;11.4432;44.635;14;NA;14;Emilia;15
9540;08SILLA;Torrente Silla a Silla;10.9726;44.1858;441;NA;441;Emilia;15
9541;08SNRUFFILLOCANAL;C.le Savena a S.Ruffillo;11.3685;44.4562;85;NA;85;Emilia;15
9542;08SNRUFFILLOSAVEN;Savena a S.Ruffillo;11.3673;44.4565;85;NA;85;Emilia;15
9543;08SNVITTORIA;Santa Vittoria;10.6417;44.8564;22;NA;22;Emilia;15
9544;08SUVIANADIGA;Limentra di Treppio a Diga di Suviana   Reno;11.0429;44.1372;479;NA;479;Emilia;15
9545;08VEGGIOLA;Veggiola;9.7245;44.8725;217;NA;217;Emilia;15
9546;08PALESIO;Quaderna a Palesio;11.5066;44.4116;100;NA;100;Emilia;15
9547;08ACQUERINO;Acquerino   Reno-Limonta;11.0195;44.0117;859;NA;859;Emilia;15
9548;08ALPEGORRETO;Alpe Gorreto   Trebbia;9.2376;44.6065;880;NA;880;Emilia;15
9549;08BADIATEDALDA;Badia Tedalda   Marecchia;12.1384;43.6956;794;NA;794;Emilia;15
9550;08BARBAGELATA;Barbagelata   Trebbia-Aveto;9.2441;44.4837;1099;NA;1099;Emilia;15
9551;08BARCO;Barco   Reno-Santerno;11.4003;44.0636;653;NA;653;Emilia;15
9552;08BOLOGNAASINELLI;Bologna Torre degli Asinelli;11.3479;44.496;53;NA;53;Emilia;15
9553;08BRUGNETODIGA;Diga del Brugneto   Trebbia-Brugneto;9.2103;44.5367;856;NA;856;Emilia;15
9554;08BUSALLA;Busalla;8.9427;44.5606;429;NA;429;Emilia;15
9555;08BUSALLETTADIGA;Busalletta Diga;8.9218;44.5694;477;NA;477;Emilia;15
9556;08CARPINETAAGRO;Carpineta   Rubicone;12.2726;44.0894;141;NA;141;Emilia;15
9557;08CASATICOAGRO;Casatico;10.2607;44.651;321;NA;321;Emilia;15
9558;08CASTELDELCI;Casteldelci   Marecchia;12.1448;43.7909;619;NA;619;Emilia;15
9559;08CERVESINA;Cervesina;9.0188;45.0658;71;NA;71;Emilia;15
9560;08CORNIOLOTELE;Corniolo Tele   Fiumi Uniti;11.7954;43.927;934;NA;934;Emilia;15
9561;08CORTILECARPAGRO;Cortile di Carpi Agro;10.9724;44.7801;24;NA;24;Emilia;15
9562;08FIDENZAAGRO;Fidenza;10.0896;44.8958;56;NA;56;Emilia;15
9563;08FIRENZUOLA;Firenzuola   Reno-Santerno;11.3766;44.1246;441;NA;441;Emilia;15
9564;08FOCERADICI;Foce Radici;10.4907;44.2125;1525;NA;1525;Emilia;15
9565;08GRUGNOAGRO;Grugno;10.228;44.8799;41;NA;41;Emilia;15
9566;08IMOLAMEC;Imola meccanica   Reno-Santerno;11.7148;44.3485;44;NA;44;Emilia;15
9567;08LAGOPADULI;Lago Paduli;10.1405;44.3485;1181;NA;1181;Emilia;15
9568;08LOCOCARCHELLI;Loco Carchelli;9.2843;44.5538;680;NA;680;Emilia;15
9569;08MAIATICOAGRO;Maiatico;10.2082;44.7058;223;NA;223;Emilia;15
9570;08MARESCA;Maresca   Reno;10.8506;44.0603;1139;NA;1139;Emilia;15
9571;08MEDESANOAGRO;Medesano;10.1496;44.7455;104;NA;104;Emilia;15
9572;08MOGLIASERMIDE;Moglia Sermide   Pianura Secchia-Panaro;11.2582;45.0158;12;NA;12;Emilia;15
9573;08MONGHIDOROTELE;Monghidoro  tele   Reno-Idice;11.3234;44.2223;801;NA;801;Emilia;15
9574;08MONTALTOPAVESE;Montalto Pavese;9.2052;44.9861;305;NA;305;Emilia;15
9575;08MONTECAPRARO;Montecapraro;9.1552;44.7361;853;NA;853;Emilia;15
9576;08MONTEIOTTONETEL;Monte Iottone Tele   Savio;12.1655;43.9942;364;NA;364;Emilia;15
9577;08NOVAFELTRIA;Novafeltria   Marecchia;12.2938;43.8928;263;NA;263;Emilia;15
9578;08PENNABILLITELE;Pennabilli   Marecchia;12.269;43.8202;580;NA;580;Emilia;15
9579;08POGGIORUSCO;POGGIORUSCO  ETG Pianura Secchia-Panaro;11.1279;44.9704;14;NA;14;Emilia;15
9580;08RAVENNABASLOC;Ravenna le Basette Locale   Canale Corsini;12.2067;44.4671;2;NA;2;Emilia;15
9581;08RIMINIURB;Rimini Urbana   Marecchia;12.5716;44.0563;6;NA;6;Emilia;15
9582;08ROLOAGRO;Rolo;10.8767;44.8882;20;NA;20;Emilia;15
9583;08ROVEGNO;Rovegno   Trebbia;9.287;44.5761;798;NA;798;Emilia;15
9584;08SAINOPEGOGNAGA;SAINO di Pegognaga ETG  Pianura-Crostolo-Secchia;10.8677;44.995;17;NA;17;Emilia;15
9585;08SISSAAGRO;Sissa   Taro;10.2613;44.9549;32;NA;32;Emilia;15
9586;08SIVIZZANOAGRO;Sivizzano;10.3587;44.6459;190;NA;190;Emilia;15
9587;08SNBENEDETTOALPE;San Benedetto in alpe   Fiumi Uniti;11.6888;43.9875;596;NA;596;Emilia;15
9588;08SNCASSIANO;San Cassiano   Lamone;11.6936;44.1512;437;NA;437;Emilia;15
9589;08SNLAZZAROALB;San Lazzaro Alberoni   Trebbia;9.727;45.0378;53;NA;53;Emilia;15
9591;08SNMICHELE;San Michele sul Chero    Chiavenna-Chero;9.7044;44.7655;715;NA;715;Emilia;15
9592;08SNMICHELECLE;San Michele Centrale   Panaro-Scoltenna;10.6283;44.1974;886;NA;886;Emilia;15
9593;08SNSTEFANOAVETO;Santo Stefano dAveto   Trebbia-Aveto;9.4521;44.5487;1073;NA;1073;Emilia;15
9594;08SNVALENTINO;San Valentino;10.7013;44.5264;310;NA;310;Emilia;15
9595;08TEODORANOTELE;Teodorano idro-termo   Fiumi Uniti;12.087;44.0942;192;NA;192;Emilia;15
9596;08TORRIGLIA;Torriglia   Trebbia;9.1566;44.5176;803;NA;803;Emilia;15
9597;08TORTONA;Scrivia a Tortona;8.8493;44.8986;117;NA;117;Emilia;15
9598;08TREPPIO;Treppio   Reno-Limentra di Treppio;11.035;44.0843;712;NA;712;Emilia;15
9599;08VALLAZZA;Vallazza   Pianura Secchia-Panaro;11.2451;45.0148;11;NA;11;Emilia;15
9600;08VALNOCIDIGA;Val Noci Diga;9.0385;44.5027;721;NA;721;Emilia;15
9601;08VALVERDE;Valverde   Tidone;9.2336;44.8684;523;NA;523;Emilia;15
9602;08VARZI;Varzi;9.1932;44.8208;419;NA;419;Emilia;15
9603;08VOGHERA;Staffora a Voghera;9.0181;44.9883;99;NA;99;Emilia;15
9604;08ARIANOETGFE;ARIANOETGFE;12.1209;44.9456;2;NA;2;Emilia;15
9605;08CAMPOGALLIAGRO;CAMPOGALLIAGRO;10.8544;44.6951;38;NA;38;Emilia;15
9606;08CASEBEZZI;CASEBEZZI;10.8235;44.0733;1200;NA;1200;Emilia;15
9607;08COLORNOAGRO;COLORNOAGRO;10.3518;44.9466;27;NA;27;Emilia;15
9608;08FERRIEREPLUVIO;FERRIEREPLUVIO;9.498;44.6472;659;NA;659;Emilia;15
9609;08MONTEFAGGIOLA;MONTEFAGGIOLA;11.5;44.1401;728;NA;728;Emilia;15
9610;08ORSIGNA;ORSIGNA;10.8949;44.0797;1057;NA;1057;Emilia;15
9611;08PALAZZUOLO;PALAZZUOLO;11.5501;44.1149;573;NA;573;Emilia;15
9612;08PALAZZUOLOTELE;PALAZZUOLOTELE;11.5492;44.1179;583;NA;583;Emilia;15
9613;08PESSOLA;PESSOLA;9.8691;44.6322;736;NA;736;Emilia;15
9614;08PIANCALDOLI;PIANCALDOLI;11.4351;44.2175;518;NA;518;Emilia;15
9615;08PIASTRE;PIASTRE;10.8374;44.0074;779;NA;779;Emilia;15
9616;08PIETRAMALA;PIETRAMALA;11.3361;44.1676;941;NA;941;Emilia;15
9617;08ROMAGNESE;ROMAGNESE;9.3346;44.8414;629;NA;629;Emilia;15
9618;08RONTANA;RONTANA;11.7399;44.2297;320;NA;320;Emilia;15
9619;08SNAGOSTINOCARLO;SNAGOSTINOCARLO;11.4204;44.8062;14;NA;14;Emilia;15
9620;08SNBENEDETTOQUER;SNBENEDETTOQUER;11.4879;44.2558;331;NA;331;Emilia;15
9621;08SNCLEMENTE;SNCLEMENTE;11.4928;44.3219;198;NA;198;Emilia;15
9622;08SNMARTINOCASOLA;SNMARTINOCASOLA;11.1533;44.4868;139;NA;139;Emilia;15
9623;08SNPANCRAZIO;SNPANCRAZIO;12.0872;44.3596;9;NA;9;Emilia;15
9624;08SNRUFFILLO;SNRUFFILLO;11.3687;44.4562;85;NA;85;Emilia;15
9625;08SNSOFIA;SNSOFIA;11.9072;43.944;295;NA;295;Emilia;15
9626;08SOSTEGNORENO;SOSTEGNORENO;11.2745;44.6681;20;NA;20;Emilia;15
9627;08TRAVERSA;TRAVERSA;11.2874;44.1145;807;NA;807;Emilia;15
9628;08BIBBIANA;BIBBIANA;11.5147;44.1323;634;NA;634;Emilia;15
9629;08PONTENURE;PONTENURE;9.771;45.01;64;NA;64;Emilia;15
9630;08VIGOLENO;VIGOLENO;9.918;44.823;190;NA;190;Emilia;15
9631;08CALVENZANO;CALVENZANO;11.0807;44.18047;611;NA;611;Emilia;15
9632;08CASTELDELLALPI;CASTELDELLALPI;11.16378;44.11063;723;NA;723;Emilia;15
9633;08CONTRADAPORTONE;CONTRADAPORTONE;11.43509;44.27035;398;NA;398;Emilia;15
9634;08FAENZAIDRO;FAENZAIDRO;11.8926;44.2886;35;NA;35;Emilia;15
9635;08GRATTACOPPA;GRATTACOPPA;12.1285;44.4955;2;NA;2;Emilia;15
9636;08MERCATOSARACENO;MERCATOSARACENO;12.1977;43.9599;163;NA;163;Emilia;15
9637;08MOLINODELPALLON;MOLINODELPALLON;10.9865;44.9084;20;NA;20;Emilia;15
9638;08MONTECCHIOFOGL;MONTECCHIOFOGL;12.45515;43.51029;756;NA;756;Emilia;15
9639;08PIANECARNIGLIA;PIANECARNIGLIA;9.6136;44.4848;539;NA;539;Emilia;15
9640;08PONTEVENTURINA;PONTEVENTURINA;10.59351;44.07466;704;NA;704;Emilia;15
9641;08PONTISETTE;PONTISETTE;11.547;44.8736;10;NA;10;Emilia;15
9642;08SNMARIADELTARO;SNMARIADELTARO;9.4961;44.4351;854;NA;854;Emilia;15
9643;08SNQUIRICO;SNQUIRICO;10.2552;44.9188;36;NA;36;Emilia;15
9644;08SNSALVATORE;SNSALVATORE;9.5208;44.7351;982;NA;982;Emilia;15
9645;08SNVITTORE;SNVITTORE;12.2141;44.1053;56;NA;56;Emilia;15
9646;08STAGNODIROMAGNA;STAGNODIROMAGNA;11.0483;44.1079;551;NA;551;Emilia;15
12642;85755;Acquadalto;11.531111;44.105556;510;NA;510;Emilia;15
12643;85756;Acquerino;11.0174;44.008945;859;NA;859;Emilia;15
12644;85984;Adria;12.085556;45.066667;3;NA;3;Emilia;15
12645;85985;Albareto;9.698466;44.446855;513;NA;513;Emilia;15
12646;85696;Albereto;11.99;44.324444;18;NA;18;Emilia;15
12647;85697;Alberino;11.650048;44.648991;9;NA;9;Emilia;15
12648;88278;Alfonsine;12.04452;44.493012;7;NA;7;Emilia;15
12649;811839;Alpe di Gorreto;9.235525;44.603703;880;NA;880;Emilia;15
12650;85986;Antognano;10.185556;44.683333;271;NA;271;Emilia;15
12651;811944;Anzola Emilia tele;11.196527;44.552079;36;NA;36;Emilia;15
12652;88268;Anzola dellEmilia;11.182582;44.57909;34;NA;34;Emilia;15
12653;85987;Arcello;9.431035;44.937114;347;NA;347;Emilia;15
12654;85699;Argelato;11.346667;44.641667;21;NA;21;Emilia;15
12655;85700;Argenta;11.836389;44.616667;2;NA;2;Emilia;15
12656;85701;Ariano;12.12248;44.943026;2;NA;2;Emilia;15
12657;85988;Asta Ca Castiglione;10.468889;44.3;1064;NA;1064;Emilia;15
12658;85702;Badia Tedalda;12.13633;43.692916;794;NA;794;Emilia;15
12659;85989;Baganzola;10.318889;44.85;41;NA;41;Emilia;15
12660;85703;Bagnacavallo;12.019918;44.45256;8;NA;8;Emilia;15
12661;85704;Bagno di Piano;11.272347;44.665438;25;NA;25;Emilia;15
12662;88288;Bagno di Romagna;11.961884;43.836566;523;NA;523;Emilia;15
12663;85990;Baiso;10.605699;44.499066;504;NA;504;Emilia;15
12664;85991;Ballone;10.102222;44.466667;790;NA;790;Emilia;15
12665;85705;Bando;11.904797;44.633464;1;NA;1;Emilia;15
12666;85992;Bannone;10.368889;44.666667;142;NA;142;Emilia;15
12667;85993;Banzola;10.018889;44.766667;250;NA;250;Emilia;15
12668;85706;Baragazza;11.200556;44.127222;610;NA;610;Emilia;15
12669;85994;Barbagelata;9.242064;44.480974;1039;NA;1039;Emilia;15
12670;85995;Barbiano;10.235556;44.666667;323;NA;323;Emilia;15
12671;85707;Barco;11.398224;44.060885;680;NA;680;Emilia;15
12672;85708;Bardalone;10.8475;44.036944;750;NA;750;Emilia;15
12673;811840;Bardi Scuola;9.732836;44.633788;661;NA;661;Emilia;15
12674;88245;Bardi centrale;9.709577;44.613272;473;NA;473;Emilia;15
12675;85709;Bargellino;11.270833;44.545833;34;NA;34;Emilia;15
12676;85710;Baricella;11.532222;44.645833;10;NA;10;Emilia;15
12677;85996;Barigazzo;10.649413;44.265135;1211;NA;1211;Emilia;15
12678;85997;Basilicagoiano;10.405572;44.70441;112;NA;112;Emilia;15
12679;811974;Bassarone cassa;11.823003;44.611113;9;NA;9;Emilia;15
12680;811945;Baura;11.720178;44.848489;6;NA;6;Emilia;15
12681;85998;Bavastrelli;9.168889;44.566667;1140;NA;1140;Emilia;15
12682;85711;Bazzano;11.084006;44.508435;76;NA;76;Emilia;15
12683;88240;Bedonia;9.626736;44.507445;527;NA;527;Emilia;15
12684;85999;Beduzzo;10.168889;44.533333;435;NA;435;Emilia;15
12685;86000;Benedello Cantoniera;10.868889;44.366667;520;NA;520;Emilia;15
12686;85712;Benvignante;11.755979;44.668051;1;NA;1;Emilia;15
12687;86001;Berceto;9.993056;44.50358;838;NA;838;Emilia;15
12688;85713;Berra;11.997746;44.978787;2;NA;2;Emilia;15
12689;85714;Bertinoro;12.132222;44.147778;188;NA;188;Emilia;15
12690;86002;Bettola;9.602222;44.783333;320;NA;320;Emilia;15
12691;85715;Bevilacqua;11.907406;44.718118;1;NA;1;Emilia;15
12692;85716;Bibbiana;11.510556;44.130556;634;NA;634;Emilia;15
12693;85717;Biserno;11.843889;43.902778;549;NA;549;Emilia;15
12694;811841;Bobbiano;9.4902;44.877597;507;NA;507;Emilia;15
12695;88235;Bobbio;9.384121;44.754893;364;NA;364;Emilia;15
12696;86003;Boccavecchia;12.316552;45.125694;1;NA;1;Emilia;15
12697;86004;Boccolo della Noce;9.635556;44.683333;810;NA;810;Emilia;15
12698;86005;Bogli;9.218889;44.633333;854;NA;854;Emilia;15
12699;85719;Bologna Osservatorio Universita;11.3522;44.496402;53;NA;53;Emilia;15
12700;88269;Bologna San Luca;11.298362;44.478702;203;NA;203;Emilia;15
12701;811975;Bologna Torre Asinelli;11.346766;44.494201;53;NA;53;Emilia;15
12702;811842;Bologna Urbana;11.328789;44.500754;44;NA;44;Emilia;15
12703;85720;Bologna Villa Angeletti;11.345556;44.493056;53;NA;53;Emilia;15
12704;88270;Bologna idrografico;11.346156;44.499883;45;NA;45;Emilia;15
12705;85721;Bombiana;10.973659;44.214378;778;NA;778;Emilia;15
12706;86006;Bore;9.788295;44.714216;758;NA;758;Emilia;15
12707;86007;Boretto;10.540667;44.905993;23;NA;23;Emilia;15
12708;85722;Borgo Tossignano;11.578989;44.274663;132;NA;132;Emilia;15
12709;88243;Borgo Val di Taro;9.770345;44.486182;404;NA;404;Emilia;15
12710;86008;Borgonovo Val Tidone;9.443348;45.017257;106;NA;106;Emilia;15
12711;88234;Boschi dAveto diga;9.419946;44.585897;757;NA;757;Emilia;15
12712;86009;Boschi di Bardone;10.085556;44.633333;480;NA;480;Emilia;15
12713;86010;Boschi di Carrega;10.206729;44.723401;190;NA;190;Emilia;15
12714;88249;Bosco centrale;10.033517;44.439004;849;NA;849;Emilia;15
12715;86011;Botte sotto Secchia;10.998752;45.049956;16;NA;16;Emilia;15
12716;86012;Bovaja;10.185556;44.65;287;NA;287;Emilia;15
12717;85723;Branzolino;12.049444;44.291667;16;NA;16;Emilia;15
12718;85724;Brisighella;11.771667;44.223056;109;NA;109;Emilia;15
12719;811843;Brisighella Pieve del Trio;11.755449;44.219775;198;NA;198;Emilia;15
12720;86013;Brugneto;9.418889;44.666667;878;NA;878;Emilia;15
12721;811976;Budrio Olmo;11.569223;44.540516;17;NA;17;Emilia;15
12722;85726;Burzanella;11.118889;44.196111;549;NA;549;Emilia;15
12723;85949;Busalla;8.952222;44.566667;358;NA;358;Emilia;15
12724;86014;Busalla Giovi;8.935556;44.566667;408;NA;408;Emilia;15
12725;86015;Busalletta diga;8.901687;44.58006;549;NA;549;Emilia;15
12726;86016;Busseto;10.03748;44.98389;40;NA;40;Emilia;15
12727;812714;CAMPIGNA_TELE;11.747204;43.87178;1034;NA;1034;Emilia;15
12728;811846;CAMSE;12.077375;44.600162;3;NA;3;Emilia;15
12729;85667;Ca Bortolani;11.084543;44.346802;603;NA;603;Emilia;15
12730;85668;Ca Buraccia;11.402222;44.177222;528;NA;528;Emilia;15
12731;85669;Ca Chiombi;10.923056;44.073611;650;NA;650;Emilia;15
12732;85671;Ca Villa;11.706944;44.250278;179;NA;179;Emilia;15
12733;86017;Ca de Caroli;10.676524;44.595484;101;NA;101;Emilia;15
12734;85670;Ca di Bertano;11.413611;44.277778;492;NA;492;Emilia;15
12735;86018;Cabanne;9.345763;44.49467;841;NA;841;Emilia;15
12736;86019;Cabella Ligure;9.097231;44.674584;509;NA;509;Emilia;15
12737;86020;Cafragna Oratorio;10.168889;44.683333;248;NA;248;Emilia;15
12738;86021;Caiasca;9.043056;44.497067;817;NA;817;Emilia;15
12739;85672;Calderara di Reno;11.27215;44.566117;31;NA;31;Emilia;15
12740;88251;Calestano;10.124506;44.60591;400;NA;400;Emilia;15
12741;814401;Caminate;12.00404;44.114379;341;NA;341;Emilia;15
12742;86022;Campegine;10.535556;44.783333;30;NA;30;Emilia;15
12743;811844;Campelli Di Vigolo;9.633621;44.79551;601;NA;601;Emilia;15
12744;88286;Campigna;11.747182;43.872193;1034;NA;1034;Emilia;15
12745;812642;Campogalliano;10.853262;44.693446;38;NA;38;Emilia;15
12746;86023;Campora di Sasso;10.275539;44.521218;644;NA;644;Emilia;15
12747;86024;Canossa;10.465811;44.565884;471;NA;471;Emilia;15
12748;86025;Canova di Ramiseto;10.298498;44.414979;816;NA;816;Emilia;15
12749;85950;Cantalupo Ligure;9.035556;44.716667;388;NA;388;Emilia;15
12750;85673;Capannaccia;10.935556;44.05;1019;NA;1019;Emilia;15
12751;86026;Caprile;9.185556;44.566667;1092;NA;1092;Emilia;15
12752;86027;Careno;9.924625;44.721959;583;NA;583;Emilia;15
12753;86028;Carpi;10.86924;44.763546;27;NA;27;Emilia;15
12754;811847;Carpineta;12.27459;44.089031;141;NA;141;Emilia;15
12755;86029;Carpineti;10.495343;44.467873;580;NA;580;Emilia;15
12756;811848;Carpineti - Carezza;10.508649;44.475618;578;NA;578;Emilia;15
12757;85913;Carrega Ligure;9.185556;44.616667;1259;NA;1259;Emilia;15
12758;85914;Carzeto di Soragna;10.168889;44.933333;37;NA;37;Emilia;15
12759;85674;Casa Medri;11.708056;44.264167;120;NA;120;Emilia;15
12760;85915;Casa Nuova;10.185556;44.7;225;NA;225;Emilia;15
12761;85916;Casa Nuova di San Vitale;10.185556;44.666667;293;NA;293;Emilia;15
12762;85675;Casa Penzia;11.502222;44.35;273;NA;273;Emilia;15
12763;85676;Casaglia;11.516667;44.038333;733;NA;733;Emilia;15
12764;814391;Casaglia_tele;11.51757;44.038107;733;NA;733;Emilia;15
12765;85917;Casale Val Taro;9.568889;44.45;708;NA;708;Emilia;15
12766;811849;Casalecchio Canale;11.281103;44.475627;62;NA;62;Emilia;15
12767;811850;Casalecchio Canonica;11.288121;44.487874;66;NA;66;Emilia;15
12768;811851;Casalecchio Tiro a Volo;11.282075;44.480226;62;NA;62;Emilia;15
12769;811852;Casalporino;9.547383;44.527112;873;NA;873;Emilia;15
12770;85919;Casanova Staffora;9.235556;44.766667;570;NA;570;Emilia;15
12771;85918;Casanova di Marzolara;10.202222;44.633333;417;NA;417;Emilia;15
12772;85920;Casarola;10.102222;44.433333;934;NA;934;Emilia;15
12773;85921;Casaselvatica;10.035629;44.54781;901;NA;901;Emilia;15
12774;85922;Cascina Calabria;8.902222;44.566667;550;NA;550;Emilia;15
12775;85923;Cascina di Monte Calvo;8.902234;44.56667;550;NA;550;Emilia;15
12776;85677;Case Bezzi;10.933847;44.068509;882;NA;882;Emilia;15
12777;811853;Case Bonini;9.775866;44.751978;372;NA;372;Emilia;15
12778;85678;Case Paoluccio;10.88;44.086111;1098;NA;1098;Emilia;15
12779;85679;Casetti Centonara;11.618889;44.55;11;NA;11;Emilia;15
12780;88276;Casola Valsenio;11.621781;44.222273;208;NA;208;Emilia;15
12781;811977;Casola Valsenio Tele;11.632342;44.227137;203;NA;203;Emilia;15
12782;85680;Casoni di Romagna;11.425349;44.253597;663;NA;663;Emilia;15
12783;811854;Casoni di S.Maria del Taro;9.480702;44.437511;814;NA;814;Emilia;15
12784;85924;Cassano;9.618889;44.833333;403;NA;403;Emilia;15
12785;811855;Cassimoreno;9.579347;44.636165;869;NA;869;Emilia;15
12786;85925;Cassino Po;9.218889;45.05;73;NA;73;Emilia;15
12787;85926;Cassio;10.035556;44.583333;865;NA;865;Emilia;15
12788;85951;Castagnola;8.885556;44.6;534;NA;534;Emilia;15
12789;85683;Castel San Pietro;11.597002;44.411113;59;NA;59;Emilia;15
12790;85681;Castel del Rio;11.504906;44.211177;214;NA;214;Emilia;15
12791;85682;Castel di Bargi;11.055556;44.131111;612;NA;612;Emilia;15
12792;85684;Casteldelci;12.142724;43.788166;619;NA;619;Emilia;15
12793;811856;Castelfranco Emilia;11.029534;44.631303;32;NA;32;Emilia;15
12794;85929;CastellArquato;9.868889;44.85;163;NA;163;Emilia;15
12795;85927;Castellana Groppo;9.731877;44.814363;421;NA;421;Emilia;15
12796;85928;Castellarano;10.718656;44.49809;183;NA;183;Emilia;15
12797;85930;Castelnovo Ne Monti;10.3947;44.434863;709;NA;709;Emilia;15
12798;811858;Castelnovo di Sotto;10.578226;44.836948;25;NA;25;Emilia;15
12799;85931;Castelnuovo Rangone;10.932685;44.541287;92;NA;92;Emilia;15
12800;85932;Castione Marchesi;10.035556;44.916667;52;NA;52;Emilia;15
12801;85685;Castrocaro;11.949392;44.170118;70;NA;70;Emilia;15
12802;88296;Cattolica;12.739397;43.958465;9;NA;9;Emilia;15
12803;85933;Cavezzo;11.00394;44.863038;19;NA;19;Emilia;15
12804;811859;Cavriago;10.510623;44.689529;93;NA;93;Emilia;15
12805;811978;Centonara;11.510563;44.471953;41;NA;41;Emilia;15
12806;85934;Cereseto;9.685556;44.566667;632;NA;632;Emilia;15
12807;811860;Cerreto Laghi;10.238571;44.298726;1402;NA;1402;Emilia;15
12808;85935;Cervesina;9.017047;45.050723;73;NA;73;Emilia;15
12809;85687;Cervia;12.318921;44.272467;2;NA;2;Emilia;15
12810;88291;Cesena;12.218489;44.143949;34;NA;34;Emilia;15
12811;811979;Cesena Urbana;12.243644;44.138197;41;NA;41;Emilia;15
12812;88292;Cesenatico;12.397417;44.207112;1;NA;1;Emilia;15
12813;814414;Cesenatico porto;12.403492;44.201828;1;NA;1;Emilia;15
12814;85936;Chiappari;8.918889;44.566667;477;NA;477;Emilia;15
12815;85937;Chiavichetta;11.268889;44.883333;10;NA;10;Emilia;15
12816;85938;Chiozzola;10.393939;44.828962;35;NA;35;Emilia;15
12817;85939;Civago;10.465789;44.24716;1159;NA;1159;Emilia;15
12818;82942;Civitella di Romagna;11.937679;44.005777;258;NA;258;Emilia;15
12819;812624;Civitella di Romagna Tele;11.945303;43.993489;460;NA;460;Emilia;15
12820;85689;Classe;12.240725;44.374338;2;NA;2;Emilia;15
12821;85690;Coccolia;12.107222;44.297222;15;NA;15;Emilia;15
12822;814398;Coccolia_tele;12.110851;44.297685;14;NA;14;Emilia;15
12823;88262;Codigoro;12.097736;44.835116;2;NA;2;Emilia;15
12824;85940;Cognento;10.879032;44.639923;39;NA;39;Emilia;15
12825;85941;Collagna;10.271194;44.344748;829;NA;829;Emilia;15
12826;83073;Collecchio;10.224024;44.744755;123;NA;123;Emilia;15
12827;85630;Monte San Pietro;11.138369;44.440299;249;NA;249;Emilia;15
12828;88238;Monte Zatta;9.452222;44.4;1217;NA;1217;Emilia;15
12829;85633;Monteacuto Vallese;11.20694;44.241905;573;NA;573;Emilia;15
12830;85632;Monteacuto dellAlpi;10.887403;44.136372;828;NA;828;Emilia;15
12831;85870;Montebano;9.052222;44.5;819;NA;819;Emilia;15
12832;85961;Montecapraro;9.159476;44.734183;721;NA;721;Emilia;15
12833;85635;Montecatone;11.636315;44.346006;168;NA;168;Emilia;15
12834;85871;Montechiarugolo;10.416666;44.688998;114;NA;114;Emilia;15
12835;87349;Montefiorino;10.621791;44.327364;644;NA;644;Emilia;15
12836;88242;Montegroppo;9.6863880000000009;44.418777;670;NA;670;Emilia;15
12837;85636;Montemaggio;12.403611;43.907778;483;NA;483;Emilia;15
12838;85963;Montemarzino;8.994545;44.848256;363;NA;363;Emilia;15
12839;88267;Monteombraro;11.008748;44.376321;650;NA;650;Emilia;15
12840;85637;Montepastore;11.125556;44.366667;541;NA;541;Emilia;15
12841;85638;Montepiano;11.162778;44.091667;753;NA;753;Emilia;15
12842;85639;Montesanto;11.748346;44.711753;3;NA;3;Emilia;15
12843;85872;Montese;10.942046;44.276914;830;NA;830;Emilia;15
12844;85873;Montestefano;10.634672;44.34903;499;NA;499;Emilia;15
12845;85640;Monteveglio Abbazia;11.091422;44.468815;202;NA;202;Emilia;15
12846;85641;Montiano;12.303889;44.0825;141;NA;141;Emilia;15
12847;85874;Montoggio;9.035556;44.516667;528;NA;528;Emilia;15
12848;814399;Montriolo;11.957658;43.92264;671;NA;671;Emilia;15
12849;88266;Monzuno;11.273515;44.276619;587;NA;587;Emilia;15
12850;85691;Collina Pistoiese;10.931389;44.027778;929;NA;929;Emilia;15
12851;85692;Colunga;11.468889;44.47;51;NA;51;Emilia;15
12852;85694;Conselice;11.828606;44.513741;6;NA;6;Emilia;15
12853;85695;Copparo;11.8213;44.916303;3;NA;3;Emilia;15
12854;85942;Corcagnano;10.302222;44.716667;122;NA;122;Emilia;15
12855;85642;Coriano;12.552222;43.964167;118;NA;118;Emilia;15
12856;85643;Cornacervina;11.921334;44.777519;2;NA;2;Emilia;15
12857;85952;Cornale;8.902222;45.033333;75;NA;75;Emilia;15
12858;85644;Corniolo;11.793032;43.907103;568;NA;568;Emilia;15
12859;811980;Corniolo Tele;11.793304;43.924258;846;NA;846;Emilia;15
12860;88244;Cornolo;9.551309;44.565695;1095;NA;1095;Emilia;15
12861;811981;Correcchio;11.729708;44.450186;19;NA;19;Emilia;15
12862;811861;Correggio;10.772926;44.743254;34;NA;34;Emilia;15
12863;814404;Corsicchie;12.035718;43.845973;1100;NA;1100;Emilia;15
12864;811862;Cortile di Carpi;10.971285;44.778387;24;NA;24;Emilia;15
12865;85943;Coscogno;10.868889;44.4;361;NA;361;Emilia;15
12866;85944;Costamaglio;9.218889;44.5;880;NA;880;Emilia;15
12867;85645;Cottede;11.169333;44.109617;838;NA;838;Emilia;15
12868;811982;Cottede Tele;11.169308;44.109617;838;NA;838;Emilia;15
12869;85945;Cozzano;10.168889;44.666667;341;NA;341;Emilia;15
12870;85947;Crevalcore;11.152222;44.716667;19;NA;19;Emilia;15
12871;85948;Croce Dei Morti;10.418889;44.833333;31;NA;31;Emilia;15
12872;85877;Crocefieschi;9.035556;44.583333;627;NA;627;Emilia;15
12873;85878;Cucca Rangona;11.335556;44.95;10;NA;10;Emilia;15
12874;811863;Cusercoli;11.981898;44.04111;251;NA;251;Emilia;15
12875;85646;Denore Aleotti;11.843825;44.782772;2;NA;2;Emilia;15
12876;85647;Diegaro;12.191667;44.160556;35;NA;35;Emilia;15
12877;85879;Diga del Brugneto;9.208241;44.533931;856;NA;856;Emilia;15
12878;811864;Doccia di Fiumalbo;10.67311;44.190126;1386;NA;1386;Emilia;15
12879;85880;Dogana;10.639635;44.165932;1136;NA;1136;Emilia;15
12880;811983;Dozza;11.368174;44.533973;38;NA;38;Emilia;15
12881;814410;Due Tigli;12.392693;44.164149;8;NA;8;Emilia;15
12882;88280;Faenza;11.886243;44.291254;34;NA;34;Emilia;15
12883;811865;Farfanaro;9.67953;44.56668;736;NA;736;Emilia;15
12884;85881;Farini dOlmo;9.569934;44.71194;453;NA;453;Emilia;15
12885;85882;Farneta centrale;10.57013;44.349862;611;NA;611;Emilia;15
12886;85883;Febbio;10.427491;44.297916;1133;NA;1133;Emilia;15
12887;85884;Felegara;10.118889;44.716667;119;NA;119;Emilia;15
12888;85885;Fellicarolo;10.752222;44.183333;920;NA;920;Emilia;15
12889;88261;Ferrara;11.621005;44.832409;9;NA;9;Emilia;15
12890;811866;Ferrara Urbana;11.621138;44.832498;9;NA;9;Emilia;15
12891;85886;Ferriere;9.495954;44.644469;659;NA;659;Emilia;15
12892;85887;Fidenza;10.07003;44.8618;71;NA;71;Emilia;15
12893;85888;Finale Emilia;11.251351;44.815726;16;NA;16;Emilia;15
12894;811867;Finale Emilia tele;11.284021;44.839061;14;NA;14;Emilia;15
12895;85651;Fiorentina;11.626111;44.529444;11;NA;11;Emilia;15
12896;88237;Fiorenzuola dArda;9.895205;44.934581;74;NA;74;Emilia;15
12897;88274;Firenzuola;11.374499;44.121866;459;NA;459;Emilia;15
12898;811984;Firenzuola Tele;11.374487;44.121866;459;NA;459;Emilia;15
12899;85889;Fiumalbo;10.644943;44.17972;979;NA;979;Emilia;15
12900;85890;Foce Radici;10.486497;44.207605;1522;NA;1522;Emilia;15
12901;85891;Fontanaluccia diga;10.514276;44.277992;766;NA;766;Emilia;15
12902;82944;Fontanelice;11.559167;44.258333;171;NA;171;Emilia;15
12903;85892;Fontanigorda;9.302222;44.55;851;NA;851;Emilia;15
12904;88285;Forli;12.055525;44.218569;29;NA;29;Emilia;15
12905;811985;Forli Urbana;12.041815;44.220386;31;NA;31;Emilia;15
12906;85893;Formigine;10.843037;44.572232;84;NA;84;Emilia;15
12907;811868;Formigine - Colombaro;10.909373;44.551227;86;NA;86;Emilia;15
12908;85894;Fornello;9.385427;45.016487;143;NA;143;Emilia;15
12909;85895;Fossa Mozza;11.252222;44.95;10;NA;10;Emilia;15
12910;811869;Frassineto;9.585078;44.581571;857;NA;857;Emilia;15
12911;85896;Frassinoro;10.575654;44.295744;1001;NA;1001;Emilia;15
12912;85897;Gabellina;10.235556;44.316667;949;NA;949;Emilia;15
12913;85898;Gaiato;10.852222;44.283333;641;NA;641;Emilia;15
12914;811870;Gainago;10.3807;44.885473;28;NA;28;Emilia;15
12915;85652;Galliera;11.393889;44.75;16;NA;16;Emilia;15
12916;811986;Gallo;11.545382;44.724097;13;NA;13;Emilia;15
12917;85899;Garaventa;9.168889;44.533333;1007;NA;1007;Emilia;15
12918;85954;Garbagna;9.002222;44.783333;293;NA;293;Emilia;15
12919;85900;Ghiaie di Ospitale;10.796322;44.172473;837;NA;837;Emilia;15
12920;85654;Giaggiolo;12.057222;44.028611;420;NA;420;Emilia;15
12921;85901;Giardino Rondanina;9.208644;44.548779;946;NA;946;Emilia;15
12922;85902;Gonzaga;10.818889;44.95;20;NA;20;Emilia;15
12923;85655;Goro;12.301094;44.842639;1;NA;1;Emilia;15
12924;811871;Grammatica;10.092887;44.438257;852;NA;852;Emilia;15
12925;811872;Granarolo Faentino;11.958607;44.360127;16;NA;16;Emilia;15
12926;85656;Granarolo dellEmilia;11.445278;44.552222;28;NA;28;Emilia;15
12927;85903;Grondona;8.968889;44.7;398;NA;398;Emilia;15
12928;85904;Grondone;9.452222;44.666667;1106;NA;1106;Emilia;15
12929;811873;Groppallo;9.597907;44.696315;913;NA;913;Emilia;15
12930;811874;Gropparello;9.725502;44.825103;335;NA;335;Emilia;15
12931;85905;Grotta;9.918889;44.783333;479;NA;479;Emilia;15
12932;85906;Guardasone;10.402222;44.633333;173;NA;173;Emilia;15
12933;85907;Guastalla;10.652222;44.916667;22;NA;22;Emilia;15
12934;88259;Guiglia stazione agraria;10.992428;44.432487;387;NA;387;Emilia;15
12935;85657;Idrovora di Guagnino;12.211609;44.688401;3;NA;3;Emilia;15
12936;85658;Idrovoro Fosso Ghiaia;12.264999;44.353372;2;NA;2;Emilia;15
12937;88275;Imola;11.712674;44.345812;44;NA;44;Emilia;15
12938;812903;Imola Istituto Agrario;11.717843;44.337127;66;NA;66;Emilia;15
12939;811875;Imola Mario Neri;11.749532;44.333199;55;NA;55;Emilia;15
12940;811987;Imola Tele;11.712916;44.345347;44;NA;44;Emilia;15
12941;85659;Invaso;11.221895;44.227354;476;NA;476;Emilia;15
12942;85910;Isola Serafini Tinazzo;9.926193;45.099039;40;NA;40;Emilia;15
12943;85956;Isola del Cantone;8.952222;44.65;370;NA;370;Emilia;15
12944;85908;Isola di Palanzano centrale;10.162157;44.428357;655;NA;655;Emilia;15
12945;85660;Jolanda di Savoia;11.97663;44.886474;1;NA;1;Emilia;15
12946;85911;La Costa di Maiatico;10.202222;44.7;249;NA;249;Emilia;15
12947;811988;La Stella;10.490719;44.529905;677;NA;677;Emilia;15
12948;85912;Laccio;9.129428;44.493713;619;NA;619;Emilia;15
12949;85850;Lagdei;10.008529;44.412282;1315;NA;1315;Emilia;15
12950;85851;Lago Ballano;10.102065;44.369482;1255;NA;1255;Emilia;15
12951;85852;Lago Cerretano;10.235556;44.3;1287;NA;1287;Emilia;15
12952;811877;Lago Pratignano;10.817802;44.177399;1242;NA;1242;Emilia;15
12953;814417;Lago Scaffaiolo;10.80903;44.119181;1654;NA;1654;Emilia;15
12954;85853;Lama Mocogno;10.735556;44.316667;845;NA;845;Emilia;15
12955;85854;Langhirano;10.26108;44.604133;269;NA;269;Emilia;15
12956;814400;Lastra;11.90114;43.903581;451;NA;451;Emilia;15
12957;85661;Lavaccioni;11.085556;44.105556;979;NA;979;Emilia;15
12958;811878;Lavezzola;11.844031;44.5635;6;NA;6;Emilia;15
12959;812420;Lavino di Sopra;11.221036;44.490757;73;NA;73;Emilia;15
12960;811879;Le Taverne;11.587499;44.249229;422;NA;422;Emilia;15
12961;88295;Lido di Rimini;12.615556;44.068056;0;NA;0;Emilia;15
12962;88254;Ligonchio centrale;10.344929;44.316986;803;NA;803;Emilia;15
12963;85662;Lizzano in Belvedere;10.891269;44.165111;698;NA;698;Emilia;15
12964;85855;Loco Carchelli centrale;9.286609;44.55626;680;NA;680;Emilia;15
12965;814394;Lodolone;11.874884;44.197581;181;NA;181;Emilia;15
12966;85663;Loiano;11.341573;44.263523;616;NA;616;Emilia;15
12967;812427;Loiano ARPA;11.326474;44.260933;687;NA;687;Emilia;15
12968;812431;Loiano Tele;11.34156;44.263523;616;NA;616;Emilia;15
12969;85856;Losso centrale;9.3071;44.659153;469;NA;469;Emilia;15
12970;88277;Lugo di Romagna;11.913314;44.41771;12;NA;12;Emilia;15
12971;85957;Luzzano;9.377846;45.015074;175;NA;175;Emilia;15
12972;88290;Luzzena;12.160556;44.054167;218;NA;218;Emilia;15
12973;85665;Maddalena di Cazzano;11.493889;44.576389;19;NA;19;Emilia;15
12974;85666;Madonna;11.422222;44.735556;13;NA;13;Emilia;15
12975;811880;Madonna dei Fornelli;11.256806;44.215705;849;NA;849;Emilia;15
12976;85857;Magnasco;9.402222;44.516667;817;NA;817;Emilia;15
12977;814405;Maiano;12.19345;43.89269;482;NA;482;Emilia;15
12978;88271;Malalbergo;11.529067;44.718454;13;NA;13;Emilia;15
12979;811881;Malborghetto;11.661342;44.857988;7;NA;7;Emilia;15
12980;85608;Manzolino;11.102222;44.595556;35;NA;35;Emilia;15
12981;85858;Marano;10.368889;44.716667;105;NA;105;Emilia;15
12982;85609;Maresca;10.848495;44.057516;836;NA;836;Emilia;15
12983;85859;Mareto;9.502222;44.7;947;NA;947;Emilia;15
12984;88282;Marina di Ravenna;12.283868;44.490921;NA;NA;NA;Emilia;15
12985;85860;Marola;10.485556;44.483333;720;NA;720;Emilia;15
12986;85610;Marozzo;12.118889;44.791667;1;NA;1;Emilia;15
12987;88250;Marra Centrale;10.047452;44.47342;670;NA;670;Emilia;15
12988;85611;Marradi;11.619957;44.08087;374;NA;374;Emilia;15
12989;85612;Marrara;11.683333;44.724167;4;NA;4;Emilia;15
12990;85861;Marsaglia;9.381066;44.714396;328;NA;328;Emilia;15
12991;85613;Martinella;11.884345;44.711394;5;NA;5;Emilia;15
12992;811882;Martorano;12.267976;44.16614;24;NA;24;Emilia;15
12993;814416;Marzaglia;10.806014;44.63711;55;NA;55;Emilia;15
12994;85614;Massalombarda;11.827222;44.446111;13;NA;13;Emilia;15
12995;811989;Massarolo;11.614909;44.535328;16;NA;16;Emilia;15
12996;814407;Matellica;12.234007;44.232179;17;NA;17;Emilia;15
12997;85615;Medicina;11.639167;44.476667;24;NA;24;Emilia;15
12998;85616;Meldola;12.060654;44.134643;56;NA;56;Emilia;15
12999;85617;Mensa;12.234167;44.233333;15;NA;15;Emilia;15
13000;85618;Mesola;12.349617;44.19069;7;NA;7;Emilia;15
13001;85862;Mezzano Inferiore;10.468889;44.916667;21;NA;21;Emilia;15
13002;811883;Mezzolara;11.533793;44.571053;17;NA;17;Emilia;15
13003;85863;Mignano diga;9.803359;44.770664;420;NA;420;Emilia;15
13004;85619;Minerbio;11.488333;44.620833;14;NA;14;Emilia;15
13005;811884;Mirabello;11.454357;44.83186;14;NA;14;Emilia;15
13006;85864;Mirandola;11.016305;44.886114;18;NA;18;Emilia;15
13007;85620;Miratoio;12.243889;43.759722;861;NA;861;Emilia;15
13008;88260;Modena;10.934314;44.648005;33;NA;33;Emilia;15
13009;811885;Modena Urbana;10.916985;44.656392;34;NA;34;Emilia;15
13010;85621;Modigliana;11.796183;44.155574;240;NA;240;Emilia;15
13011;811886;Modigliana Monte Pratello;11.808252;44.120222;446;NA;446;Emilia;15
13012;85866;Moglia di Sermide;11.256097;45.013085;12;NA;12;Emilia;15
13013;85958;Molato diga;9.288042;44.907874;401;NA;401;Emilia;15
13014;811990;Molinetto;11.696473;44.43479;28;NA;28;Emilia;15
13015;85867;Mondine;10.951342;44.932388;19;NA;19;Emilia;15
13016;85868;Monfestino;10.822041;44.426673;700;NA;700;Emilia;15
13017;85622;Monghidoro;11.323371;44.214206;809;NA;809;Emilia;15
13018;811991;Monghidoro Tele;11.321301;44.21958;801;NA;801;Emilia;15
13019;85623;Montalbano;10.947222;44.348056;387;NA;387;Emilia;15
13020;85959;Montalto Pavese;9.202969;44.981719;372;NA;372;Emilia;15
13021;811887;Monte Albano;11.673947;44.225756;385;NA;385;Emilia;15
13022;85624;Monte Calvo;11.385556;44.428611;222;NA;222;Emilia;15
13023;811992;Monte Ceresa;11.393028;44.34746;318;NA;318;Emilia;15
13024;85869;Monte Cimone aeronautica militare;10.7;44.183334;1921;NA;1921;Emilia;15
13025;85625;Monte Colombo;12.553414;43.920096;250;NA;250;Emilia;15
13026;85626;Monte Coroncina;11.184564;44.110863;1089;NA;1089;Emilia;15
13027;811888;Monte Faggiola;11.497922;44.137373;830;NA;830;Emilia;15
13028;85627;Monte Grimano;12.556389;43.865;445;NA;445;Emilia;15
13029;814396;Monte Grosso;11.871817;44.071536;601;NA;601;Emilia;15
13030;85628;Monte Iottone;12.16344;43.991449;364;NA;364;Emilia;15
13031;811993;Monte Iottone Tele;12.16866;43.996906;317;NA;317;Emilia;15
13032;85960;Monte Penna Caserma;9.485556;44.483333;1427;NA;1427;Emilia;15
13033;85629;Monte Pidocchina;10.943889;44.0575;1074;NA;1074;Emilia;15
13034;814392;Monte Romano;11.652926;44.134867;587;NA;587;Emilia;15
13035;85496;Morciano di Romagna;12.642033;43.914413;84;NA;84;Emilia;15
13036;85875;Morfasso;9.702222;44.716667;640;NA;640;Emilia;15
13037;811889;Mormorola;9.886528;44.568799;550;NA;550;Emilia;15
13038;811890;Mulazzano;12.536224;43.952493;167;NA;167;Emilia;15
13039;85876;Mulazzano ponte;10.277257;44.610675;294;NA;294;Emilia;15
13040;85819;Musiara Superiore;10.178341;44.498531;943;NA;943;Emilia;15
13041;85820;Neviano Arduini;10.313753;44.583373;511;NA;511;Emilia;15
13042;88247;Neviano Rossi;10.152222;44.666667;316;NA;316;Emilia;15
13043;85821;Nirone diga;10.218889;44.4;689;NA;689;Emilia;15
13044;85822;Noceto;10.168889;44.8;81;NA;81;Emilia;15
13045;85823;Noci;9.068889;44.483333;787;NA;787;Emilia;15
13046;85824;Nociveglia;9.610026;44.547102;929;NA;929;Emilia;15
13047;85825;Nonantola;11.035556;44.683333;25;NA;25;Emilia;15
13048;85543;Novafeltria;12.29171;43.890077;292;NA;292;Emilia;15
13049;811891;Noveglia;9.766839;44.592693;675;NA;675;Emilia;15
13050;85826;Novellara Sirona;10.701338;44.865721;19;NA;19;Emilia;15
13051;85827;Ongina;10.053166;45.033956;35;NA;35;Emilia;15
13052;85546;Orsigna;10.892761;44.076986;1057;NA;1057;Emilia;15
13053;85828;Ospitale;10.790617;44.166392;1011;NA;1011;Emilia;15
13054;85829;Ospitaletto;10.316667;44.296952;1272;NA;1272;Emilia;15
13055;811892;Ostellato;11.891168;44.707387;5;NA;5;Emilia;15
13056;811893;Ostia Parmense;9.84219;44.514057;435;NA;435;Emilia;15
13057;85830;Ottavello;9.618889;44.95;115;NA;115;Emilia;15
13058;85964;Ottone;9.335556;44.616667;682;NA;682;Emilia;15
13059;82945;Ozola diga;10.368889;44.283333;1518;NA;1518;Emilia;15
13060;85583;Paderno;11.316111;44.447222;236;NA;236;Emilia;15
13061;85831;Paduli diga;10.138443;44.34579;1181;NA;1181;Emilia;15
13062;811894;Padulle Sala Bolognese;11.290563;44.627752;25;NA;25;Emilia;15
13063;811895;Palantone - Opera Po;11.440684;44.927109;9;NA;9;Emilia;15
13064;85584;Palazzuolo sul Senio;11.548014;44.112154;467;NA;467;Emilia;15
13065;811994;Palazzuolo sul Senio Tele;11.547096;44.115148;467;NA;467;Emilia;15
13066;811896;Panocchia;10.295842;44.683698;163;NA;163;Emilia;15
13067;85832;Parazzuolo;9.329552;44.480541;856;NA;856;Emilia;15
13068;85833;Parma Idrografico;10.330313;44.808064;49;NA;49;Emilia;15
13069;85834;Parma San Pancrazio Stuard;10.27245;44.80806;56;NA;56;Emilia;15
13070;88252;Parma Universita;10.314945;44.804542;55;NA;55;Emilia;15
13071;811897;Parma Urbana;10.330492;44.808001;49;NA;49;Emilia;15
13072;85585;Parrocchia di Croara;11.571667;44.304167;312;NA;312;Emilia;15
13073;811898;Passo Radici;10.48864;44.209758;1525;NA;1525;Emilia;15
13074;85835;Passo dei Rossi;11.201355;44.932397;11;NA;11;Emilia;15
13075;85586;Passo del Gallo;11.552222;44.716667;11;NA;11;Emilia;15
13076;85836;Passo della Cisa aeronautica militare;9.935556;44.466667;1057;NA;1057;Emilia;15
13077;85587;Passo della Futa;11.277222;44.093611;832;NA;832;Emilia;15
13078;85837;Passo di Pradarena;10.300402;44.285076;1550;NA;1550;Emilia;15
13079;88256;Pavullo nel Frignano;10.82825;44.319567;687;NA;687;Emilia;15
13080;85838;Pazzano;10.818889;44.433333;509;NA;509;Emilia;15
13081;85965;Pecorara;9.382815;44.876469;483;NA;483;Emilia;15
13082;811899;Pellegrino;9.934685;44.727184;487;NA;487;Emilia;15
13083;85588;Pennabilli;12.274102;43.819856;580;NA;580;Emilia;15
13084;82943;Perino;9.497075;44.81869;207;NA;207;Emilia;15
13085;811900;Pessola;9.866979;44.629482;736;NA;736;Emilia;15
13086;85839;Petrignacola;10.117407;44.507746;520;NA;520;Emilia;15
13087;811901;Piacenza Urbana;9.679647;45.054924;55;NA;55;Emilia;15
13088;85840;Pian del Falco;10.752222;44.216667;1343;NA;1343;Emilia;15
13089;85589;Pian di Balestra;11.259167;44.177222;919;NA;919;Emilia;15
13090;85590;Piancaldoli;11.43298;44.214794;547;NA;547;Emilia;15
13091;88255;Piandelagotti;10.516331;44.237129;1228;NA;1228;Emilia;15
13092;85966;Pianello Val Tidone;9.401785;44.950863;234;NA;234;Emilia;15
13093;88273;Pianoro;11.33999;44.371047;196;NA;196;Emilia;15
13094;85591;Piastre;10.835294;44.004689;779;NA;779;Emilia;15
13095;85592;Pietramala;11.334019;44.164923;806;NA;806;Emilia;15
13096;85593;Pieve di Casio;11.032778;44.169444;651;NA;651;Emilia;15
13097;811902;Pieve di Cusignano;10.038733;44.780418;248;NA;248;Emilia;15
13098;85842;Pievepelago;10.577223;44.19428;979;NA;979;Emilia;15
13099;85843;Pila;12.452222;44.95;1;NA;1;Emilia;15
13100;85844;Pione;9.633987;44.619461;775;NA;775;Emilia;15
13101;85594;Piumazzo;11.068889;44.545;56;NA;56;Emilia;15
13102;85845;Pizzocorno;9.118889;44.85;463;NA;463;Emilia;15
13103;85847;Pizzolese;10.352222;44.866667;34;NA;34;Emilia;15
13104;85596;Poggio Renatico;11.482778;44.765278;10;NA;10;Emilia;15
13105;85848;Poggio Rusco;11.125797;44.967677;14;NA;14;Emilia;15
13106;85595;Poggio di Badi;11.018889;44.116667;638;NA;638;Emilia;15
13107;85849;Polinago;10.729767;44.343643;741;NA;741;Emilia;15
13108;85785;Ponte Bacchello;10.987334;44.747545;31;NA;31;Emilia;15
13109;812419;Ponte Braldo;11.992953;44.262794;20;NA;20;Emilia;15
13110;811903;Ponte Cavola;10.52302;44.409339;408;NA;408;Emilia;15
13111;85786;Ponte Pietra;10.88468;44.865722;19;NA;19;Emilia;15
13112;811904;Ponte Samone;10.922664;44.356595;249;NA;249;Emilia;15
13113;85787;Ponte Testa;10.785556;44.883333;19;NA;19;Emilia;15
13114;811905;Ponte Verucchio;12.405109;43.982897;130;NA;130;Emilia;15
13115;814397;Ponte Vico;12.03134;44.330021;18;NA;18;Emilia;15
13116;811906;Pontelagoscuro;11.608072;44.888296;6;NA;6;Emilia;15
13117;85788;Ponticelli;10.934675;44.815715;21;NA;21;Emilia;15
13118;85789;Porcigatone;9.752222;44.516667;658;NA;658;Emilia;15
13119;88263;Porretta Terme;10.977288;44.154037;395;NA;395;Emilia;15
13120;85597;Portomaggiore;11.805556;44.697222;3;NA;3;Emilia;15
13121;85598;Portonovo;11.752222;44.53;10;NA;10;Emilia;15
13122;85790;Poviglio;10.537792;44.841859;27;NA;27;Emilia;15
13123;85599;Pracchia;10.905637;44.054011;660;NA;660;Emilia;15
13124;85791;Pradovera;9.485556;44.733333;915;NA;915;Emilia;15
13125;814395;Pratacci;11.665157;44.001814;773;NA;773;Emilia;15
13126;85792;Prato Barbieri;9.667006;44.731344;938;NA;938;Emilia;15
13127;85601;Predappio;11.980614;44.10833;125;NA;125;Emilia;15
13128;85793;Predare centrale;10.346829;44.328868;745;NA;745;Emilia;15
13129;811907;Predolo;10.446764;44.484422;706;NA;706;Emilia;15
13130;85794;Pregola Montagnola;9.285556;44.75;1099;NA;1099;Emilia;15
13131;85795;Prelerna;9.952222;44.616667;546;NA;546;Emilia;15
13132;85603;Premilcuore;11.779106;43.979415;508;NA;508;Emilia;15
13133;85796;Prignano sul Secchia;10.684677;44.432372;388;NA;388;Emilia;15
13134;85797;Propata;9.185109;44.565885;1094;NA;1094;Emilia;15
13135;85604;Prugnolo;11.494572;44.389982;247;NA;247;Emilia;15
13136;85798;Punta Maestra faro;12.368889;44.633333;0;NA;0;Emilia;15
13137;814413;Quarto_tele;12.095183;43.892147;300;NA;300;Emilia;15
13138;85799;Quattro Castella;10.474252;44.633269;158;NA;158;Emilia;15
13139;85605;Raggio;11.911111;43.820278;966;NA;966;Emilia;15
13140;85800;Ramiola;10.092328;44.697246;137;NA;137;Emilia;15
13141;85801;Ramiseto;10.275604;44.411434;790;NA;790;Emilia;15
13142;85802;Ravarino;11.119224000000001;44.765548;20;NA;20;Emilia;15
13143;88281;Ravenna;12.183632;44.401242;4;NA;4;Emilia;15
13144;811908;Ravenna Le Bassette;12.205548;44.465348;2;NA;2;Emilia;15
13145;811909;Ravenna Urbana;12.200032;44.414999;3;NA;3;Emilia;15
13146;811910;Reda di Faenza;11.923813;44.275922;33;NA;33;Emilia;15
13147;88253;Reggio nellEmilia;10.62116;44.692957;57;NA;57;Emilia;15
13148;811911;Reggio nellEmilia Urbana;10.633698;44.697809;57;NA;57;Emilia;15
13149;85803;Reggiolo;10.802222;44.916667;20;NA;20;Emilia;15
13150;85804;Regnano;10.568889;44.566667;435;NA;435;Emilia;15
13151;85805;Regnano Ca Bertacchi;10.585556;44.566667;421;NA;421;Emilia;15
13152;85806;Rezzano;9.785556;44.866667;172;NA;172;Emilia;15
13153;85968;Rezzoaglio;9.385556;44.533333;901;NA;901;Emilia;15
13154;811912;Riglio;9.675593;44.819162;348;NA;348;Emilia;15
13155;85807;Rimagna;10.135556;44.383333;1186;NA;1186;Emilia;15
13156;88294;Rimini;12.579822;44.058743;4;NA;4;Emilia;15
13157;814415;Rimini AUSA;12.545488;44.056513;14;NA;14;Emilia;15
13158;811913;Rimini Urbana;12.573538;44.059194;5;NA;5;Emilia;15
13159;85606;Riola di Labante;11.035359;44.261172;685;NA;685;Emilia;15
13160;85813;Riola di Spilamberto;10.968889;44.516667;106;NA;106;Emilia;15
13161;88264;Riola di Vergato;11.055904;44.228862;294;NA;294;Emilia;15
13162;85607;Riolo Terme;11.724171;44.274226;78;NA;78;Emilia;15
13163;85808;Rocca Corneta;10.868012;44.199031;679;NA;679;Emilia;15
13164;88284;Rocca San Casciano;11.841965;44.053465;310;NA;310;Emilia;15
13165;85809;Roccabianca;10.235556;45;31;NA;31;Emilia;15
13166;85810;Roccaprebalza;9.952222;44.533333;612;NA;612;Emilia;15
13167;85811;Rocchetta di Sestola;10.835556;44.25;610;NA;610;Emilia;15
13168;85812;Roggia Fraschetta;8.810444;44.847167;140;NA;140;Emilia;15
13169;812622;Rolo Tele;10.873999;44.884813;20;NA;20;Emilia;15
13170;85969;Romagnese;9.335556;44.833333;660;NA;660;Emilia;15
13171;85814;Ronchetti;10.252222;44.9;37;NA;37;Emilia;15
13172;811914;Roncovetro;10.381353;44.517696;582;NA;582;Emilia;15
13173;85815;Rondanina;9.218597;44.563088;872;NA;872;Emilia;15
13174;85970;Rovegno;9.284957;44.573368;838;NA;838;Emilia;15
13175;814406;Roversano;12.206824;44.085706;90;NA;90;Emilia;15
13176;814408;Rullato;12.076933;43.946478;570;NA;570;Emilia;15
13177;85816;Rusteghini;9.722831;44.702304;771;NA;771;Emilia;15
13178;811916;S. Martino in Casola;11.151239;44.484046;139;NA;139;Emilia;15
13179;811973;S. Martino in Strada;12.032611;44.197015;42;NA;42;Emilia;15
13180;811917;S. Nicolo;9.589592;45.04139;68;NA;68;Emilia;15
13181;87346;SAN REMIGIO;10.112888;44.6043;442;NA;442;Emilia;15
13182;84779;Saiarino;11.812653;44.622505;11;NA;11;Emilia;15
13183;85817;Saino di Pegognaga;10.865569;44.992248;18;NA;18;Emilia;15
13184;85818;Sala Baganza;10.237833;44.726752;142;NA;142;Emilia;15
13185;88248;Salsomaggiore;9.991247;44.819008;161;NA;161;Emilia;15
13186;811918;Salsominore;9.405315;44.632711;562;NA;562;Emilia;15
13187;84780;Saludecio;12.668605;43.872049;272;NA;272;Emilia;15
13188;84781;Salvatonica;11.44064;44.927792;9;NA;9;Emilia;15
13189;88272;San Benedetto del Querceto;11.485803;44.253053;331;NA;331;Emilia;15
13190;88283;San Benedetto in alpe;11.686724;43.984795;596;NA;596;Emilia;15
13191;88279;San Cassiano;11.691541;44.148438;345;NA;345;Emilia;15
13192;84782;San Clemente;11.483611;44.319444;208;NA;208;Emilia;15
13193;811919;San Clemente (Conca);12.659322;43.927652;58;NA;58;Emilia;15
13194;812463;San Clemente tele;11.490654;44.319155;208;NA;208;Emilia;15
13195;85757;San Felice sul Panaro;11.125777;44.826055;16;NA;16;Emilia;15
13196;84783;San Gabriele;11.577778;44.663889;10;NA;10;Emilia;15
13197;811995;San Giorgio Deserto;11.367102;44.674659;18;NA;18;Emilia;15
13198;85758;San Giorgio Piacentino;9.735556;44.95;101;NA;101;Emilia;15
13199;84785;San Giorgio di Piano;11.377222;44.646111;20;NA;20;Emilia;15
13200;84786;San Giovanni in Galilea;12.352222;44;275;NA;275;Emilia;15
13201;84787;San Giovanni in Persiceto;11.182684;44.635615;22;NA;22;Emilia;15
13202;88236;San Lazzaro Alberoni;9.724894;45.035054;53;NA;53;Emilia;15
13203;84788;San Leo;12.345833;43.896389;553;NA;553;Emilia;15
13204;85760;San Martino Sinzano;10.252222;44.75;107;NA;107;Emilia;15
13205;85759;San Martino in Rio;10.784673;44.732384;36;NA;36;Emilia;15
13206;84789;San Mauro Pascoli;12.414722;44.107778;22;NA;22;Emilia;15
13207;811920;San Michele;9.702305;44.762735;715;NA;715;Emilia;15
13208;85761;San Michele centrale;10.626188;44.194691;886;NA;886;Emilia;15
13209;85762;San Nazzaro;9.899181;45.079913;38;NA;38;Emilia;15
13210;84790;San Pancrazio;12.085073;44.356884;9;NA;9;Emilia;15
13211;811922;San Pietro Capofiume;11.62264;44.653776;7;NA;7;Emilia;15
13212;84791;San Pietro in Casale;11.405;44.7;16;NA;16;Emilia;15
13213;811996;San Pietro in Vincoli (Trento);12.160196;44.31392;9;NA;9;Emilia;15
13214;811923;San Ruffillo Savena;11.365192;44.453777;121;NA;121;Emilia;15
13215;85763;San Ruffino;10.708999;44.582508;167;NA;167;Emilia;15
13216;85764;San Siro di Torrile;10.344016;44.899108;31;NA;31;Emilia;15
13217;85766;San Valentino;10.699195;44.523714;303;NA;303;Emilia;15
13218;85767;San Venanzio;10.852222;44.5;227;NA;227;Emilia;15
13219;814412;San Zaccaria;12.214065;44.257283;11;NA;11;Emilia;15
13220;85768;Sanguineto;9.035556;44.483333;648;NA;648;Emilia;15
13221;811924;SantAgata Bolognese;11.144931;44.695002;19;NA;19;Emilia;15
13222;84792;SantAgata Feltria;12.207778;43.863333;578;NA;578;Emilia;15
13223;85770;SantAgata Fossili;8.918889;44.783333;372;NA;372;Emilia;15
13224;811925;SantAgata sul Santerno;11.866666;44.44853;14;NA;14;Emilia;15
13225;84793;SantAgostino San Carlo;11.379308;44.79546;15;NA;15;Emilia;15
13226;85771;SantAnna Pelago;10.551333;44.182363;1120;NA;1120;Emilia;15
13227;84794;SantAntonio;11.732715;44.568614;12;NA;12;Emilia;15
13228;812435;SantAntonio ARPA;11.732702;44.568614;12;NA;12;Emilia;15
13229;84795;SantArcangelo di Romagna;12.437527;44.068324;38;NA;38;Emilia;15
13230;812424;SantArcangelo di Romagna Tele;12.437514;44.068324;38;NA;38;Emilia;15
13231;85971;Santa Giuletta;9.185556;45.033333;77;NA;77;Emilia;15
13232;814403;Santa Maria Nova;12.169919;44.215062;21;NA;21;Emilia;15
13233;88239;Santa Maria del Taro;9.48465;44.432352;802;NA;802;Emilia;15
13234;85769;Santa Maria del porto;9.185556;44.516667;1020;NA;1020;Emilia;15
13235;84796;Santa Maria di Zena;11.402222;44.315278;324;NA;324;Emilia;15
13236;814409;Santa Paola;12.293176;44.037964;253;NA;253;Emilia;15
13237;84797;Santa Sofia;11.912318;43.946185;290;NA;290;Emilia;15
13238;85972;Santo Stefano dAveto;9.450036;44.54591;1073;NA;1073;Emilia;15
13239;85973;Sarmato;9.502741;45.08399;53;NA;53;Emilia;15
13240;84798;Sarsina;12.142778;43.919444;199;NA;199;Emilia;15
13241;84799;Sasso Marconi;11.247815;44.381542;130;NA;130;Emilia;15
13242;811926;Sasso Marconi - Borgonuovo;11.241251;44.439668;232;NA;232;Emilia;15
13243;811927;Sasso Morelli;11.754081;44.419532;19;NA;19;Emilia;15
13244;85772;Sasso di Grondona;8.985556;44.7;562;NA;562;Emilia;15
13245;85389;Sassoleone;11.477222;44.260278;400;NA;400;Emilia;15
13246;811928;Sassostorno;10.674083;44.259399;1019;NA;1019;Emilia;15
13247;88257;Sassuolo;10.795644;44.537435;139;NA;139;Emilia;15
13248;85773;Scandiano;10.68233;44.597729;101;NA;101;Emilia;15
13249;85774;Sega di Ospitale;10.802222;44.166667;1136;NA;1136;Emilia;15
13250;811929;Sellarino Voghiera;11.746388;44.746559;2;NA;2;Emilia;15
13251;811930;Selva Ferriere;9.482447;44.586768;1120;NA;1120;Emilia;15
13252;85775;Selva del Bocchetto;10.002222;44.616667;313;NA;313;Emilia;15
13253;85776;Selvanizza centrale;10.227287;44.440378;512;NA;512;Emilia;15
13254;85399;Seminiato;12.07329;44.908416;1;NA;1;Emilia;15
13255;85449;Serola;11.468889;44.383333;192;NA;192;Emilia;15
13256;811931;Serramazzoni;10.787074;44.428856;763;NA;763;Emilia;15
13257;88258;Sestola;10.768713;44.232114;1005;NA;1005;Emilia;15
13258;85453;Settefonti;11.461578;44.402582;267;NA;267;Emilia;15
13259;85777;Settima;9.652222;44.983333;90;NA;90;Emilia;15
13260;85778;Sissa;10.235556;44.966667;32;NA;32;Emilia;15
13261;85460;Sogliano al Rubicone;12.301389;44.005;305;NA;305;Emilia;15
13262;85779;Solara;11.090767;44.771444;20;NA;20;Emilia;15
13263;812421;Sostegno;11.272371;44.665467;25;NA;25;Emilia;15
13264;85474;Spedaletto Pistoiese;10.943889;44.036944;820;NA;820;Emilia;15
13265;85780;Spilamberto;11.003838;44.511238;94;NA;94;Emilia;15
13266;85479;Spinazzino;11.626111;44.708889;8;NA;8;Emilia;15
13267;84759;Stabiazzoni;10.960551;44.056592;913;NA;913;Emilia;15
13268;85781;Stagno;10.225042;44.998442;31;NA;31;Emilia;15
13269;85974;Statto;9.585556;44.9;157;NA;157;Emilia;15
13270;85975;Stazzano;8.868889;44.733333;279;NA;279;Emilia;15
13271;84760;Strada San Zeno;11.88022;44.020897;310;NA;310;Emilia;15
13272;85782;Strettara centrale;10.701347;44.249036;972;NA;972;Emilia;15
13273;88241;Strinabecco;9.489578;44.450823;929;NA;929;Emilia;15
13274;85783;Succiso;10.192523;44.363422;975;NA;975;Emilia;15
13275;85784;Suzzara;10.752222;44.983333;20;NA;20;Emilia;15
13276;85727;Tagliole;10.601342;44.166765;1042;NA;1042;Emilia;15
13277;85728;Tarsogno;9.61802;44.44668;801;NA;801;Emilia;15
13278;814411;Tebano;11.782947;44.294236;48;NA;48;Emilia;15
13279;85729;Tegli;8.902222;44.583333;576;NA;576;Emilia;15
13280;84761;Teodorano;12.105175;44.085185;263;NA;263;Emilia;15
13281;811932;Teruzzi;9.685244;44.695031;1015;NA;1015;Emilia;15
13282;84762;Terzo di Carnaio;11.960789;43.882979;646;NA;646;Emilia;15
13283;85730;Tiedoli Barca;9.835556;44.533333;657;NA;657;Emilia;15
13284;84763;Tole di Vergato;11.059167;44.328611;693;NA;693;Emilia;15
13285;85731;Torre Degli alberi;9.218889;44.9;484;NA;484;Emilia;15
13286;85732;Torre Maina;10.867103;44.500499;192;NA;192;Emilia;15
13287;85976;Torriglia;9.154536;44.51485;739;NA;739;Emilia;15
13288;85733;Tortona Castello;8.870916;44.893583;157;NA;157;Emilia;15
13289;85977;Tortona Seminario;8.866447;44.898379;130;NA;130;Emilia;15
13290;811997;Travallino;11.569574;44.67442;10;NA;10;Emilia;15
13291;84764;Traversa;11.28534;44.111772;807;NA;807;Emilia;15
13292;85734;Traversetolo;10.385556;44.633333;165;NA;165;Emilia;15
13293;814393;Trebbio;11.837042;44.13657;520;NA;520;Emilia;15
13294;84765;Tredozio;11.744781;44.08044;415;NA;415;Emilia;15
13295;84766;Treppio;11.032952;44.081572;665;NA;665;Emilia;15
13296;84767;Umana;12.109722;44.552778000000004;1;NA;1;Emilia;15
13297;85735;Vaccarezza;9.202222;44.566667;1084;NA;1084;Emilia;15
13298;85978;Val Noci diga;9.035459;44.493966;665;NA;665;Emilia;15
13299;85736;Valbona;9.944477;44.499026;663;NA;663;Emilia;15
13300;85979;Valdena centrale;9.784202;44.444138;829;NA;829;Emilia;15
13301;85737;Vallazza;11.24301;45.012092;11;NA;11;Emilia;15
13302;84768;Valle Pega;12.171667;44.676389;3;NA;3;Emilia;15
13303;85738;Vallenzona;9.085556;44.6;807;NA;807;Emilia;15
13304;85739;Vallerano;10.185556;44.616667;477;NA;477;Emilia;15
13305;811933;Vallona Nuova;12.210427;44.886781;1;NA;1;Emilia;15
13306;85740;Valmozzola;9.885556;44.566667;550;NA;550;Emilia;15
13307;85741;Valsigiara;9.330275;44.640162;518;NA;518;Emilia;15
13308;85742;Valverde;9.23149;44.865665;617;NA;617;Emilia;15
13309;85743;Varano Marchesi;10.018889;44.75;327;NA;327;Emilia;15
13310;811934;Varano Marchesi Cava;10.023631;44.733399;305;NA;305;Emilia;15
13311;82946;Varano Melegari;10.002222;44.683333;203;NA;203;Emilia;15
13312;811998;Varignana;11.524864000000001;44.414075;84;NA;84;Emilia;15
13313;88246;Varsi;9.821047;44.649418;517;NA;517;Emilia;15
13314;85980;Varzi;9.201195;44.82128;439;NA;439;Emilia;15
13315;82941;Vedriano;10.402222;44.516667;657;NA;657;Emilia;15
13316;85744;Veixe;9.052236;44.499999;819;NA;819;Emilia;15
13317;88265;Vergato;11.11312;44.287794;207;NA;207;Emilia;15
13318;88287;Verghereto;12.004406;43.795193;844;NA;844;Emilia;15
13319;811935;Vergiano;12.5005;44.034557;31;NA;31;Emilia;15
13320;84769;Verucchio;12.423056;43.980556;293;NA;293;Emilia;15
13321;85745;Vetto;10.334664;44.48236;580;NA;580;Emilia;15
13322;811936;Vetto Ponte;10.329979;44.493422;387;NA;387;Emilia;15
13323;87352;Vezzano sul Crostolo;10.543826;44.604237;173;NA;173;Emilia;15
13324;84770;Via Nuova;11.677222;44.473889;18;NA;18;Emilia;15
13325;85746;Vianino;9.935556;44.683333;314;NA;314;Emilia;15
13326;811937;Vicobarone;9.378722;44.991539;248;NA;248;Emilia;15
13327;85747;Vigatto;10.335556;44.716667;113;NA;113;Emilia;15
13328;811938;Vignola;11.004141;44.504051;103;NA;103;Emilia;15
13329;84772;Villa Fontana;11.610556;44.494444;20;NA;20;Emilia;15
13330;85748;Villa Masone;10.717997;44.665709;55;NA;55;Emilia;15
13331;85749;Villa Minozzo;10.460034;44.362511;661;NA;661;Emilia;15
13332;85981;Villa Morini;8.985556;44.966667;109;NA;109;Emilia;15
13333;85982;Villa Roccagioia D. Rose;9.085556;44.983333;120;NA;120;Emilia;15
13334;84773;Villa San Martino;11.863333;44.418056;14;NA;14;Emilia;15
13335;84774;Villagrande;12.343889;43.838056;999;NA;999;Emilia;15
13336;811999;Villanova sullArda;10.005655;45.026832;39;NA;39;Emilia;15
13337;85983;Voghera;8.996037;44.991679;92;NA;92;Emilia;15
13338;812000;Volano;12.250367;44.812868;1;NA;1;Emilia;15
13339;811943;Voltana;11.93626;44.545372;7;NA;7;Emilia;15
13340;814402;Voltre;12.043261;44.032477;326;NA;326;Emilia;15
13341;85750;Zavattarello;9.268889;44.866667;474;NA;474;Emilia;15
13342;85751;Zebedassi;9.052222;44.733333;443;NA;443;Emilia;15
13343;85752;Zerba;9.285556;44.666667;979;NA;979;Emilia;15
13344;85753;Zibello;10.126095;45.019453;34;NA;34;Emilia;15
13345;811940;Zibello - S.Antonio;10.167862;45.006946;32;NA;32;Emilia;15
13346;85754;Zocca;10.993379;44.346804;736;NA;736;Emilia;15
13347;84776;Zola Predosa;11.200052;44.49614;67;NA;67;Emilia;15
13348;85648;diga del Brasimone;11.117775;44.129064;956;NA;956;Emilia;15
13349;85649;diga di Pavana;11.005552;44.11826;467;NA;467;Emilia;15
13350;88289;diga di Quarto;12.086371;43.890673;387;NA;387;Emilia;15
13351;85650;diga di Suviana;11.042988;44.134424;479;NA;479;Emilia;15
